3, 6, 0, 159, 80, 18
4, 6, 0, 159, 80, 18
5, 6, 0, 159, 80, 18
9, 6, 0, 163, 81, 19
10, 6, 0, 161, 77, 15
11, 6, 0, 159, 80, 18
1, 7, 0, 159, 80, 18
2, 7, 0, 159, 80, 18
3, 7, 0, 159, 80, 18
4, 7, 0, 159, 80, 18
5, 7, 0, 159, 80, 18
6, 7, 0, 170, 83, 15
7, 7, 0, 156, 77, 17
8, 7, 0, 159, 80, 18
9, 7, 0, 170, 83, 15
10, 7, 0, 163, 81, 19
11, 7, 0, 159, 80, 18
12, 7, 0, 163, 81, 19
13, 7, 0, 159, 80, 18
1, 8, 0, 159, 80, 18
2, 8, 0, 159, 80, 18
3, 8, 0, 159, 80, 18
4, 8, 0, 159, 80, 18
5, 8, 0, 159, 80, 18
6, 8, 0, 163, 81, 19
7, 8, 0, 156, 77, 17
8, 8, 0, 163, 81, 19
9, 8, 0, 170, 83, 15
10, 8, 0, 161, 77, 15
11, 8, 0, 169, 84, 18
12, 8, 0, 170, 83, 15
13, 8, 0, 156, 77, 17
1, 9, 0, 163, 81, 19
2, 9, 0, 159, 80, 18
3, 9, 0, 159, 80, 18
4, 9, 0, 159, 80, 18
5, 9, 0, 159, 80, 18
6, 9, 0, 163, 81, 19
8, 9, 0, 163, 81, 19
9, 9, 0, 163, 81, 19
10, 9, 0, 163, 81, 19
11, 9, 0, 169, 84, 18
12, 9, 0, 159, 80, 18
13, 9, 0, 170, 83, 15
2, 10, 0, 159, 80, 18
3, 10, 0, 159, 80, 18
4, 10, 0, 159, 80, 18
5, 10, 0, 159, 80, 18
6, 10, 0, 163, 81, 19
8, 10, 0, 163, 81, 19
9, 10, 0, 163, 81, 19
10, 10, 0, 163, 81, 19
11, 10, 0, 163, 81, 19
12, 10, 0, 163, 81, 19
3, 11, 0, 147, 74, 18
4, 11, 0, 159, 80, 18
5, 11, 0, 159, 80, 18
9, 11, 0, 163, 81, 19
10, 11, 0, 163, 81, 19
11, 11, 0, 163, 81, 19
4, 12, 0, 163, 81, 19
10, 12, 0, 163, 81, 19
4, 10, 1, 159, 80, 18
10, 10, 1, 159, 80, 18
4, 11, 1, 159, 80, 18
5, 11, 1, 159, 80, 18
9, 11, 1, 163, 81, 19
10, 11, 1, 163, 81, 19
4, 12, 1, 163, 81, 19
10, 12, 1, 163, 81, 19
4, 11, 2, 170, 83, 15
10, 11, 2, 163, 81, 19
4, 11, 3, 159, 80, 18
10, 11, 3, 163, 81, 19
4, 10, 4, 179, 166, 171
5, 10, 4, 179, 166, 171
6, 10, 4, 179, 166, 171
7, 10, 4, 179, 166, 171
8, 10, 4, 179, 166, 171
9, 10, 4, 179, 166, 171
10, 10, 4, 179, 166, 171
3, 11, 4, 179, 166, 171
8, 8, 27, 25, 68, 33
5, 11, 4, 179, 166, 171
6, 11, 4, 179, 166, 171
7, 11, 4, 179, 166, 171
8, 11, 4, 179, 166, 171
9, 11, 4, 179, 166, 171
7, 8, 27, 25, 68, 33
11, 11, 4, 179, 166, 171
3, 12, 4, 179, 166, 171
4, 12, 4, 179, 166, 171
5, 12, 4, 179, 166, 171
6, 12, 4, 179, 166, 171
7, 12, 4, 179, 166, 171
8, 12, 4, 179, 166, 171
9, 12, 4, 179, 166, 171
10, 12, 4, 179, 166, 171
11, 12, 4, 179, 166, 171
3, 13, 4, 179, 166, 171
4, 13, 4, 179, 166, 171
5, 13, 4, 179, 166, 171
6, 13, 4, 179, 166, 171
7, 13, 4, 179, 166, 171
8, 13, 4, 179, 166, 171
9, 13, 4, 179, 166, 171
10, 13, 4, 179, 166, 171
11, 13, 4, 179, 166, 171
3, 14, 4, 179, 166, 171
4, 14, 4, 179, 166, 171
5, 14, 4, 179, 166, 171
6, 14, 4, 179, 166, 171
7, 14, 4, 179, 166, 171
8, 14, 4, 179, 166, 171
9, 14, 4, 179, 166, 171
10, 14, 4, 179, 166, 171
11, 14, 4, 179, 166, 171
3, 15, 4, 179, 166, 171
4, 15, 4, 179, 166, 171
5, 15, 4, 179, 166, 171
6, 15, 4, 179, 166, 171
7, 15, 4, 179, 166, 171
8, 15, 4, 179, 166, 171
9, 15, 4, 179, 166, 171
10, 15, 4, 179, 166, 171
11, 15, 4, 179, 166, 171
4, 16, 4, 179, 166, 171
5, 16, 4, 179, 166, 171
6, 16, 4, 179, 166, 171
7, 16, 4, 179, 166, 171
8, 16, 4, 179, 166, 171
9, 16, 4, 179, 166, 171
10, 16, 4, 179, 166, 171
4, 17, 4, 179, 166, 171
5, 17, 4, 179, 166, 171
6, 17, 4, 179, 166, 171
7, 17, 4, 179, 166, 171
8, 17, 4, 179, 166, 171
9, 17, 4, 179, 166, 171
10, 17, 4, 179, 166, 171
4, 18, 4, 179, 166, 171
5, 18, 4, 179, 166, 171
6, 18, 4, 179, 166, 171
7, 18, 4, 179, 166, 171
8, 18, 4, 179, 166, 171
9, 18, 4, 179, 166, 171
10, 18, 4, 179, 166, 171
5, 19, 4, 179, 166, 171
6, 19, 4, 179, 166, 171
7, 19, 4, 179, 166, 171
8, 19, 4, 179, 166, 171
9, 19, 4, 179, 166, 171
5, 20, 4, 179, 166, 171
6, 20, 4, 179, 166, 171
7, 20, 4, 179, 166, 171
8, 20, 4, 179, 166, 171
9, 20, 4, 179, 166, 171
6, 21, 4, 179, 166, 171
7, 21, 4, 179, 166, 171
8, 21, 4, 179, 166, 171
7, 22, 4, 179, 166, 171
4, 8, 5, 179, 166, 171
5, 8, 5, 179, 166, 171
6, 8, 5, 179, 166, 171
7, 8, 5, 179, 166, 171
8, 8, 5, 179, 166, 171
9, 8, 5, 179, 166, 171
10, 8, 5, 179, 166, 171
3, 9, 5, 179, 166, 171
4, 9, 5, 179, 166, 171
5, 9, 5, 179, 166, 171
6, 9, 5, 179, 166, 171
7, 9, 5, 179, 166, 171
8, 9, 5, 179, 166, 171
9, 9, 5, 179, 166, 171
10, 9, 5, 179, 166, 171
11, 9, 5, 179, 166, 171
2, 10, 5, 179, 166, 171
3, 10, 5, 135, 123, 123
6, 8, 27, 25, 68, 33
8, 7, 27, 25, 68, 33
7, 7, 27, 25, 68, 33
6, 7, 27, 25, 68, 33
8, 6, 27, 25, 68, 33
7, 6, 27, 25, 68, 33
6, 6, 27, 25, 68, 33
11, 10, 5, 179, 166, 171
12, 10, 5, 179, 166, 171
2, 11, 5, 179, 166, 171
8, 5, 27, 25, 68, 33
7, 5, 27, 25, 68, 33
6, 5, 27, 25, 68, 33
8, 4, 27, 25, 68, 33
7, 4, 27, 25, 68, 33
6, 4, 27, 25, 68, 33
8, 9, 26, 25, 68, 33
7, 9, 26, 25, 68, 33
6, 9, 26, 25, 68, 33
12, 11, 5, 179, 166, 171
1, 12, 5, 179, 166, 171
2, 12, 5, 179, 166, 171
9, 8, 26, 25, 68, 33
5, 8, 26, 25, 68, 33
9, 7, 26, 249, 249, 255
5, 7, 26, 249, 249, 255
9, 6, 26, 0, 0, 1
5, 6, 26, 0, 0, 1
9, 5, 26, 25, 68, 33
6, 5, 26, 25, 68, 33
8, 4, 26, 25, 68, 33
12, 12, 5, 179, 166, 171
13, 12, 5, 179, 166, 171
1, 13, 5, 179, 166, 171
2, 13, 5, 179, 166, 171
7, 4, 26, 25, 68, 33
6, 4, 26, 25, 68, 33
9, 9, 25, 25, 68, 33
8, 9, 25, 25, 68, 33
7, 9, 25, 25, 68, 33
6, 9, 25, 25, 68, 33
5, 9, 25, 25, 68, 33
9, 8, 25, 25, 68, 33
5, 8, 25, 25, 68, 33
12, 13, 5, 179, 166, 171
13, 13, 5, 179, 166, 171
1, 14, 5, 179, 166, 171
2, 14, 5, 179, 166, 171
9, 7, 25, 0, 0, 1
5, 7, 25, 0, 0, 1
9, 6, 25, 0, 0, 1
5, 6, 25, 0, 0, 1
9, 5, 25, 25, 68, 33
5, 5, 25, 25, 68, 33
9, 4, 25, 25, 68, 33
5, 4, 25, 25, 68, 33
8, 3, 25, 178, 153, 68
12, 14, 5, 179, 166, 171
13, 14, 5, 179, 166, 171
1, 15, 5, 179, 166, 171
2, 15, 5, 179, 166, 171
7, 3, 25, 211, 180, 109
6, 3, 25, 178, 153, 68
7, 2, 25, 178, 153, 68
8, 9, 24, 25, 68, 33
7, 9, 24, 25, 68, 33
6, 9, 24, 25, 68, 33
9, 8, 24, 25, 68, 33
5, 8, 24, 25, 68, 33
9, 7, 24, 25, 68, 33
12, 15, 5, 179, 166, 171
13, 15, 5, 179, 166, 171
1, 16, 5, 179, 166, 171
2, 16, 5, 179, 166, 171
3, 16, 5, 179, 166, 171
5, 7, 24, 25, 68, 33
9, 6, 24, 25, 68, 33
5, 6, 24, 25, 68, 33
9, 5, 24, 25, 68, 33
5, 5, 24, 25, 68, 33
9, 4, 24, 25, 68, 33
5, 4, 24, 25, 68, 33
11, 16, 5, 179, 166, 171
12, 16, 5, 179, 166, 171
13, 16, 5, 179, 166, 171
2, 17, 5, 179, 166, 171
3, 17, 5, 179, 166, 171
8, 3, 24, 178, 153, 68
6, 3, 24, 173, 170, 106
8, 2, 24, 178, 153, 68
6, 2, 24, 178, 153, 68
8, 1, 24, 178, 153, 68
7, 1, 24, 178, 153, 68
6, 1, 24, 178, 153, 68
11, 17, 5, 179, 166, 171
12, 17, 5, 179, 166, 171
2, 18, 5, 179, 166, 171
3, 18, 5, 179, 166, 171
7, 0, 24, 178, 153, 68
8, 9, 23, 25, 68, 33
7, 9, 23, 25, 68, 33
6, 9, 23, 25, 68, 33
9, 8, 23, 25, 68, 33
5, 8, 23, 25, 68, 33
9, 7, 23, 25, 68, 33
11, 18, 5, 179, 166, 171
12, 18, 5, 179, 166, 171
2, 19, 5, 179, 166, 171
3, 19, 5, 179, 166, 171
4, 19, 5, 179, 166, 171
5, 7, 23, 25, 68, 33
9, 6, 23, 25, 68, 33
5, 6, 23, 25, 68, 33
9, 5, 23, 25, 68, 33
8, 5, 23, 25, 68, 33
10, 19, 5, 179, 166, 171
11, 19, 5, 179, 166, 171
12, 19, 5, 179, 166, 171
3, 20, 5, 179, 166, 171
4, 20, 5, 179, 166, 171
7, 5, 23, 25, 68, 33
6, 5, 23, 2, 10, 3
5, 5, 23, 25, 68, 33
8, 4, 23, 178, 153, 68
7, 4, 23, 178, 153, 68
10, 20, 5, 179, 166, 171
11, 20, 5, 179, 166, 171
3, 21, 5, 179, 166, 171
4, 21, 5, 179, 166, 171
5, 21, 5, 179, 166, 171
6, 4, 23, 178, 153, 68
8, 3, 23, 178, 153, 68
7, 3, 23, 178, 153, 68
9, 21, 5, 179, 166, 171
10, 21, 5, 179, 166, 171
11, 21, 5, 179, 166, 171
4, 22, 5, 179, 166, 171
5, 22, 5, 179, 166, 171
6, 22, 5, 179, 166, 171
6, 3, 23, 178, 153, 68
8, 22, 5, 179, 166, 171
9, 22, 5, 179, 166, 171
10, 22, 5, 179, 166, 171
4, 23, 5, 179, 166, 171
5, 23, 5, 179, 166, 171
6, 23, 5, 179, 166, 171
7, 23, 5, 179, 166, 171
8, 23, 5, 179, 166, 171
9, 23, 5, 179, 166, 171
10, 23, 5, 179, 166, 171
5, 24, 5, 179, 166, 171
6, 24, 5, 179, 166, 171
7, 24, 5, 179, 166, 171
8, 24, 5, 179, 166, 171
9, 24, 5, 179, 166, 171
5, 25, 5, 179, 166, 171
6, 25, 5, 179, 166, 171
7, 25, 5, 179, 166, 171
8, 25, 5, 179, 166, 171
9, 25, 5, 179, 166, 171
7, 26, 5, 179, 166, 171
4, 6, 6, 165, 153, 157
5, 6, 6, 179, 166, 171
6, 6, 6, 179, 166, 171
7, 6, 6, 179, 166, 171
8, 6, 6, 179, 166, 171
9, 6, 6, 179, 166, 171
10, 6, 6, 179, 166, 171
3, 7, 6, 179, 166, 171
4, 7, 6, 179, 166, 171
5, 7, 6, 179, 166, 171
6, 7, 6, 179, 166, 171
7, 7, 6, 179, 166, 171
8, 7, 6, 179, 166, 171
9, 7, 6, 179, 166, 171
10, 7, 6, 179, 166, 171
11, 7, 6, 179, 166, 171
2, 8, 6, 179, 166, 171
3, 8, 6, 179, 166, 171
8, 2, 23, 178, 153, 68
7, 2, 23, 178, 153, 68
6, 2, 23, 178, 153, 68
8, 1, 23, 178, 153, 68
7, 1, 23, 178, 153, 68
6, 1, 23, 178, 153, 68
8, 0, 23, 178, 153, 68
11, 8, 6, 179, 166, 171
12, 8, 6, 179, 166, 171
1, 9, 6, 179, 166, 171
2, 9, 6, 179, 166, 171
7, 0, 23, 178, 153, 68
6, 0, 23, 178, 153, 68
8, 9, 22, 25, 68, 33
7, 9, 22, 25, 68, 33
6, 9, 22, 25, 68, 33
9, 8, 22, 25, 68, 33
5, 8, 22, 25, 68, 33
9, 7, 22, 25, 68, 33
5, 7, 22, 25, 68, 33
12, 9, 6, 179, 166, 171
13, 9, 6, 179, 166, 171
1, 10, 6, 179, 166, 171
9, 6, 22, 25, 68, 33
8, 6, 22, 25, 68, 33
7, 6, 22, 25, 68, 33
6, 6, 22, 25, 68, 33
5, 6, 22, 25, 68, 33
8, 8, 21, 25, 68, 33
7, 8, 21, 25, 68, 33
6, 8, 21, 25, 68, 33
9, 7, 21, 25, 68, 33
5, 7, 21, 25, 68, 33
9, 6, 21, 25, 68, 33
13, 10, 6, 179, 166, 171
1, 11, 6, 179, 166, 171
5, 6, 21, 25, 68, 33
8, 5, 21, 25, 68, 33
7, 5, 21, 25, 68, 33
6, 5, 21, 25, 68, 33
8, 8, 20, 25, 68, 33
7, 8, 20, 25, 68, 33
6, 8, 20, 25, 68, 33
9, 7, 20, 25, 68, 33
5, 7, 20, 25, 68, 33
9, 6, 20, 25, 68, 33
5, 6, 20, 25, 68, 33
13, 11, 6, 179, 166, 171
0, 12, 6, 179, 166, 171
8, 5, 20, 25, 68, 33
6, 5, 20, 25, 68, 33
7, 4, 20, 25, 68, 33
6, 4, 20, 25, 68, 33
8, 8, 19, 25, 68, 33
7, 8, 19, 25, 68, 33
6, 8, 19, 25, 68, 33
8, 7, 19, 25, 68, 33
6, 7, 19, 25, 68, 33
9, 6, 19, 74, 43, 44
5, 6, 19, 25, 68, 33
9, 5, 19, 74, 43, 44
5, 5, 19, 25, 68, 33
14, 12, 6, 157, 146, 152
0, 13, 6, 179, 166, 171
8, 4, 19, 25, 68, 33
7, 4, 19, 25, 68, 33
6, 4, 19, 25, 68, 33
8, 8, 18, 25, 68, 33
7, 8, 18, 25, 68, 33
6, 8, 18, 25, 68, 33
9, 7, 18, 74, 43, 44
5, 7, 18, 74, 43, 44
9, 6, 18, 74, 43, 44
5, 6, 18, 67, 42, 42
9, 5, 18, 74, 43, 44
5, 5, 18, 84, 52, 52
9, 4, 18, 74, 43, 44
14, 13, 6, 157, 146, 152
0, 14, 6, 179, 166, 171
5, 4, 18, 74, 43, 44
8, 3, 18, 74, 43, 44
7, 3, 18, 91, 58, 61
6, 3, 18, 74, 43, 44
7, 2, 18, 74, 43, 44
7, 1, 18, 74, 43, 44
8, 9, 17, 74, 43, 44
7, 9, 17, 74, 43, 44
6, 9, 17, 74, 43, 44
9, 8, 17, 74, 43, 44
5, 8, 17, 74, 43, 44
9, 7, 17, 74, 43, 44
5, 7, 17, 74, 43, 44
14, 14, 6, 157, 146, 152
1, 15, 6, 179, 166, 171
9, 6, 17, 74, 43, 44
5, 6, 17, 86, 54, 56
9, 5, 17, 74, 43, 44
5, 5, 17, 67, 42, 42
9, 4, 17, 74, 43, 44
5, 4, 17, 74, 43, 44
9, 3, 17, 74, 43, 44
8, 3, 17, 74, 43, 44
6, 3, 17, 74, 43, 44
5, 3, 17, 74, 43, 44
7, 2, 17, 74, 43, 44
13, 15, 6, 179, 166, 171
1, 16, 6, 179, 166, 171
9, 12, 16, 74, 43, 44
8, 12, 16, 43, 35, 27
7, 12, 16, 43, 35, 27
6, 12, 16, 43, 35, 27
5, 12, 16, 74, 43, 44
10, 11, 16, 74, 43, 44
9, 11, 16, 74, 43, 44
8, 11, 16, 43, 35, 27
7, 11, 16, 43, 35, 27
6, 11, 16, 43, 35, 27
5, 11, 16, 74, 43, 44
13, 16, 6, 179, 166, 171
1, 17, 6, 179, 166, 171
4, 11, 16, 74, 43, 44
11, 10, 16, 74, 43, 44
10, 10, 16, 74, 43, 44
9, 10, 16, 74, 43, 44
8, 10, 16, 43, 35, 27
7, 10, 16, 43, 35, 27
6, 10, 16, 43, 35, 27
5, 10, 16, 74, 43, 44
4, 10, 16, 74, 43, 44
3, 10, 16, 74, 43, 44
11, 9, 16, 74, 43, 44
13, 17, 6, 179, 166, 171
1, 18, 6, 179, 166, 171
10, 9, 16, 74, 43, 44
9, 9, 16, 74, 43, 44
5, 9, 16, 74, 43, 44
4, 9, 16, 74, 43, 44
3, 9, 16, 179, 166, 171
11, 8, 16, 179, 166, 171
10, 8, 16, 74, 43, 44
4, 8, 16, 74, 43, 44
3, 8, 16, 179, 166, 171
11, 7, 16, 179, 166, 171
10, 7, 16, 74, 43, 44
13, 18, 6, 179, 166, 171
2, 19, 6, 179, 166, 171
4, 7, 16, 74, 43, 44
3, 7, 16, 179, 166, 171
10, 6, 16, 74, 43, 44
4, 6, 16, 74, 43, 44
10, 5, 16, 74, 43, 44
4, 5, 16, 74, 43, 44
10, 4, 16, 74, 43, 44
4, 4, 16, 90, 58, 52
9, 3, 16, 74, 43, 44
12, 19, 6, 179, 166, 171
2, 20, 6, 179, 166, 171
5, 3, 16, 74, 43, 44
8, 2, 16, 74, 43, 44
7, 2, 16, 74, 43, 44
6, 2, 16, 74, 43, 44
10, 14, 15, 74, 43, 44
9, 14, 15, 74, 43, 44
8, 14, 15, 43, 35, 27
7, 14, 15, 43, 35, 27
6, 14, 15, 43, 35, 27
12, 20, 6, 179, 166, 171
3, 21, 6, 179, 166, 171
5, 14, 15, 74, 43, 44
4, 14, 15, 74, 43, 44
11, 13, 15, 74, 43, 44
10, 13, 15, 74, 43, 44
9, 13, 15, 74, 43, 44
8, 13, 15, 43, 35, 27
7, 13, 15, 43, 35, 27
11, 21, 6, 179, 166, 171
3, 22, 6, 179, 166, 171
6, 13, 15, 43, 35, 27
5, 13, 15, 74, 43, 44
4, 13, 15, 74, 43, 44
3, 13, 15, 74, 43, 44
12, 12, 15, 179, 166, 171
11, 12, 15, 74, 43, 44
10, 12, 15, 74, 43, 44
11, 22, 6, 179, 166, 171
4, 23, 6, 179, 166, 171
4, 12, 15, 74, 43, 44
3, 12, 15, 74, 43, 44
2, 12, 15, 179, 166, 171
12, 11, 15, 179, 166, 171
11, 11, 15, 74, 43, 44
10, 23, 6, 179, 166, 171
4, 24, 6, 179, 166, 171
3, 11, 15, 74, 43, 44
2, 11, 15, 179, 166, 171
12, 10, 15, 179, 166, 171
2, 10, 15, 179, 166, 171
12, 9, 15, 179, 166, 171
10, 24, 6, 179, 166, 171
5, 25, 6, 179, 166, 171
2, 9, 15, 179, 166, 171
12, 8, 15, 179, 166, 171
2, 8, 15, 179, 166, 171
9, 25, 6, 179, 166, 171
5, 26, 6, 179, 166, 171
6, 26, 6, 179, 166, 171
12, 7, 15, 179, 166, 171
8, 26, 6, 179, 166, 171
9, 26, 6, 179, 166, 171
6, 27, 6, 179, 166, 171
7, 27, 6, 179, 166, 171
8, 27, 6, 179, 166, 171
5, 4, 7, 179, 166, 171
6, 4, 7, 175, 164, 170
7, 4, 7, 165, 153, 157
8, 4, 7, 170, 157, 160
9, 4, 7, 190, 178, 184
3, 5, 7, 179, 166, 171
4, 5, 7, 179, 166, 171
5, 5, 7, 179, 166, 171
6, 5, 7, 179, 166, 171
7, 5, 7, 179, 166, 171
8, 5, 7, 179, 166, 171
9, 5, 7, 179, 166, 171
10, 5, 7, 181, 169, 173
11, 5, 7, 179, 166, 171
2, 6, 7, 179, 166, 171
3, 6, 7, 179, 166, 171
2, 7, 15, 179, 166, 171
11, 6, 15, 157, 146, 152
3, 6, 15, 179, 166, 171
11, 5, 15, 157, 146, 152
3, 5, 15, 162, 150, 154
11, 4, 15, 74, 43, 44
3, 4, 15, 74, 43, 44
11, 6, 7, 179, 166, 171
12, 6, 7, 179, 166, 171
1, 7, 7, 179, 166, 171
2, 7, 7, 179, 166, 171
10, 3, 15, 74, 43, 44
4, 3, 15, 74, 43, 44
9, 2, 15, 74, 43, 44
5, 2, 15, 74, 43, 44
8, 1, 15, 74, 43, 44
7, 1, 15, 74, 43, 44
6, 1, 15, 74, 43, 44
9, 16, 14, 74, 43, 44
8, 16, 14, 43, 35, 27
12, 7, 7, 179, 166, 171
13, 7, 7, 179, 166, 171
1, 8, 7, 179, 166, 171
7, 16, 14, 43, 35, 27
6, 16, 14, 43, 35, 27
5, 16, 14, 74, 43, 44
10, 15, 14, 74, 43, 44
9, 15, 14, 74, 43, 44
8, 15, 14, 43, 35, 27
7, 15, 14, 43, 35, 27
6, 15, 14, 43, 35, 27
5, 15, 14, 74, 43, 44
4, 15, 14, 74, 43, 44
12, 14, 14, 179, 166, 171
13, 8, 7, 179, 166, 171
1, 9, 7, 179, 166, 171
11, 14, 14, 74, 43, 44
3, 14, 14, 74, 43, 44
2, 14, 14, 179, 166, 171
12, 13, 14, 179, 166, 171
2, 13, 14, 179, 166, 171
13, 12, 14, 179, 166, 171
1, 12, 14, 179, 166, 171
13, 11, 14, 179, 166, 171
1, 11, 14, 186, 171, 173
13, 10, 14, 179, 166, 171
1, 10, 14, 179, 166, 171
13, 9, 7, 179, 166, 171
0, 10, 7, 179, 166, 171
13, 9, 14, 179, 166, 171
1, 9, 14, 179, 166, 171
13, 8, 14, 179, 166, 171
1, 8, 14, 179, 166, 171
12, 7, 14, 179, 166, 171
2, 7, 14, 179, 166, 171
12, 6, 14, 179, 166, 171
2, 6, 14, 179, 166, 171
12, 5, 14, 179, 166, 171
2, 5, 14, 179, 166, 171
11, 4, 14, 179, 166, 171
3, 4, 14, 153, 137, 133
11, 3, 14, 74, 43, 44
14, 10, 7, 179, 166, 171
0, 11, 7, 179, 166, 171
3, 3, 14, 74, 43, 44
10, 2, 14, 74, 43, 44
9, 2, 14, 74, 43, 44
5, 2, 14, 74, 43, 44
4, 2, 14, 84, 52, 52
8, 1, 14, 74, 43, 44
7, 1, 14, 74, 43, 44
6, 1, 14, 74, 43, 44
10, 17, 13, 74, 43, 44
9, 17, 13, 74, 43, 44
8, 17, 13, 43, 35, 27
7, 17, 13, 43, 35, 27
6, 17, 13, 43, 35, 27
14, 11, 7, 179, 166, 171
0, 12, 7, 179, 166, 171
5, 17, 13, 74, 43, 44
4, 17, 13, 74, 43, 44
11, 16, 13, 74, 43, 44
10, 16, 13, 74, 43, 44
4, 16, 13, 74, 43, 44
3, 16, 13, 74, 43, 44
12, 15, 13, 179, 166, 171
11, 15, 13, 74, 43, 44
3, 15, 13, 74, 43, 44
2, 15, 13, 179, 166, 171
13, 14, 13, 179, 166, 171
1, 14, 13, 179, 166, 171
13, 13, 13, 179, 166, 171
14, 12, 7, 179, 166, 171
0, 13, 7, 179, 166, 171
1, 13, 13, 179, 166, 171
13, 12, 13, 179, 166, 171
1, 12, 13, 179, 166, 171
13, 11, 13, 179, 166, 171
1, 11, 13, 221, 205, 205
14, 10, 13, 179, 166, 171
0, 10, 13, 217, 204, 209
13, 9, 13, 179, 166, 171
1, 9, 13, 210, 196, 197
13, 8, 13, 179, 166, 171
1, 8, 13, 179, 166, 171
13, 7, 13, 179, 166, 171
1, 7, 13, 179, 166, 171
14, 13, 7, 179, 166, 171
0, 14, 7, 179, 166, 171
13, 6, 13, 179, 166, 171
1, 6, 13, 179, 166, 171
12, 5, 13, 179, 166, 171
2, 5, 13, 155, 134, 132
12, 4, 13, 179, 166, 171
2, 4, 13, 74, 43, 44
11, 3, 13, 74, 43, 44
3, 3, 13, 74, 43, 44
10, 2, 13, 74, 43, 44
4, 2, 13, 74, 43, 44
9, 1, 13, 74, 43, 44
8, 1, 13, 74, 43, 44
7, 1, 13, 74, 43, 44
14, 14, 7, 179, 166, 171
0, 15, 7, 179, 166, 171
6, 1, 13, 74, 43, 44
5, 1, 13, 69, 33, 36
9, 19, 12, 74, 43, 44
8, 19, 12, 43, 35, 27
7, 19, 12, 43, 35, 27
6, 19, 12, 43, 35, 27
5, 19, 12, 74, 43, 44
10, 18, 12, 74, 43, 44
9, 18, 12, 74, 43, 44
8, 18, 12, 43, 35, 27
7, 18, 12, 43, 35, 27
6, 18, 12, 43, 35, 27
5, 18, 12, 74, 43, 44
14, 15, 7, 179, 166, 171
1, 16, 7, 179, 166, 171
4, 18, 12, 74, 43, 44
11, 17, 12, 74, 43, 44
3, 17, 12, 74, 43, 44
12, 16, 12, 179, 166, 171
2, 16, 12, 179, 166, 171
13, 15, 12, 179, 166, 171
1, 15, 12, 179, 166, 171
13, 14, 12, 179, 166, 171
1, 14, 12, 179, 166, 171
13, 13, 12, 179, 166, 171
1, 13, 12, 179, 166, 171
13, 16, 7, 179, 166, 171
1, 17, 7, 179, 166, 171
14, 12, 12, 179, 166, 171
0, 12, 12, 234, 223, 221
14, 11, 12, 179, 166, 171
0, 11, 12, 210, 196, 197
14, 10, 12, 179, 166, 171
0, 10, 12, 74, 43, 44
14, 9, 12, 74, 43, 44
0, 9, 12, 74, 43, 44
14, 8, 12, 74, 43, 44
0, 8, 12, 74, 43, 44
13, 7, 12, 179, 166, 171
13, 17, 7, 179, 166, 171
1, 18, 7, 179, 166, 171
1, 7, 12, 204, 195, 201
13, 6, 12, 179, 166, 171
1, 6, 12, 179, 166, 171
13, 5, 12, 179, 166, 171
1, 5, 12, 179, 166, 171
12, 4, 12, 179, 166, 171
2, 4, 12, 74, 43, 44
11, 3, 12, 74, 43, 44
3, 3, 12, 74, 43, 44
10, 2, 12, 74, 43, 44
4, 2, 12, 74, 43, 44
13, 18, 7, 179, 166, 171
2, 19, 7, 179, 166, 171
9, 1, 12, 74, 43, 44
8, 1, 12, 74, 43, 44
7, 1, 12, 74, 43, 44
6, 1, 12, 74, 43, 44
5, 1, 12, 74, 43, 44
9, 21, 11, 74, 43, 44
8, 21, 11, 43, 35, 27
7, 21, 11, 43, 35, 27
6, 21, 11, 43, 35, 27
12, 19, 7, 179, 166, 171
2, 20, 7, 179, 166, 171
5, 21, 11, 74, 43, 44
10, 20, 11, 74, 43, 44
9, 20, 11, 74, 43, 44
8, 20, 11, 43, 35, 27
7, 20, 11, 43, 35, 27
6, 20, 11, 43, 35, 27
5, 20, 11, 74, 43, 44
4, 20, 11, 74, 43, 44
11, 19, 11, 74, 43, 44
12, 20, 7, 179, 166, 171
3, 21, 7, 179, 166, 171
10, 19, 11, 74, 43, 44
4, 19, 11, 74, 43, 44
3, 19, 11, 74, 43, 44
11, 18, 11, 74, 43, 44
3, 18, 11, 74, 43, 44
12, 17, 11, 179, 166, 171
2, 17, 11, 179, 166, 171
11, 21, 7, 179, 166, 171
3, 22, 7, 179, 166, 171
13, 16, 11, 179, 166, 171
1, 16, 11, 179, 166, 171
13, 15, 11, 179, 166, 171
1, 15, 11, 179, 166, 171
14, 14, 11, 179, 166, 171
0, 14, 11, 200, 185, 187
14, 13, 11, 179, 166, 171
11, 22, 7, 179, 166, 171
4, 23, 7, 179, 166, 171
0, 13, 11, 200, 185, 187
14, 12, 11, 179, 166, 171
0, 12, 11, 179, 166, 171
14, 11, 11, 74, 43, 44
0, 11, 11, 74, 43, 44
10, 23, 7, 179, 166, 171
5, 24, 7, 179, 166, 171
14, 10, 11, 74, 43, 44
0, 10, 11, 74, 43, 44
14, 9, 11, 181, 169, 173
9, 24, 7, 179, 166, 171
5, 25, 7, 179, 166, 171
0, 9, 11, 179, 166, 171
14, 8, 11, 198, 189, 194
0, 8, 11, 194, 174, 172
9, 25, 7, 179, 166, 171
6, 26, 7, 74, 43, 44
13, 7, 11, 179, 166, 171
8, 26, 7, 74, 43, 44
6, 27, 7, 74, 43, 44
7, 27, 7, 74, 43, 44
8, 27, 7, 74, 43, 44
6, 3, 8, 179, 166, 171
7, 3, 8, 179, 166, 171
8, 3, 8, 179, 166, 171
3, 4, 8, 179, 166, 171
4, 4, 8, 179, 166, 171
5, 4, 8, 179, 166, 171
1, 7, 11, 195, 185, 189
13, 6, 11, 179, 166, 171
1, 6, 11, 191, 181, 183
9, 4, 8, 179, 166, 171
10, 4, 8, 179, 166, 171
11, 4, 8, 179, 166, 171
2, 5, 8, 179, 166, 171
13, 5, 11, 179, 166, 171
1, 5, 11, 204, 195, 201
12, 4, 11, 179, 166, 171
2, 4, 11, 212, 203, 209
11, 3, 11, 75, 36, 33
3, 3, 11, 67, 33, 18
10, 2, 11, 74, 43, 44
9, 2, 11, 74, 43, 44
5, 2, 11, 74, 43, 44
12, 5, 8, 179, 166, 171
1, 6, 8, 179, 166, 171
4, 2, 11, 74, 43, 44
8, 1, 11, 74, 43, 44
7, 1, 11, 74, 43, 44
6, 1, 11, 74, 43, 44
9, 23, 10, 74, 43, 44
8, 23, 10, 43, 35, 27
7, 23, 10, 43, 35, 27
6, 23, 10, 43, 35, 27
5, 23, 10, 74, 43, 44
10, 22, 10, 74, 43, 44
9, 22, 10, 74, 43, 44
13, 6, 8, 179, 166, 171
1, 7, 8, 179, 166, 171
8, 22, 10, 43, 35, 27
7, 22, 10, 43, 35, 27
6, 22, 10, 43, 35, 27
5, 22, 10, 74, 43, 44
4, 22, 10, 74, 43, 44
10, 21, 10, 74, 43, 44
4, 21, 10, 74, 43, 44
11, 20, 10, 74, 43, 44
3, 20, 10, 74, 43, 44
11, 19, 10, 74, 43, 44
3, 19, 10, 74, 43, 44
13, 7, 8, 179, 166, 171
1, 8, 8, 179, 166, 171
12, 18, 10, 179, 166, 171
2, 18, 10, 179, 166, 171
12, 17, 10, 179, 166, 171
2, 17, 10, 179, 166, 171
13, 16, 10, 179, 166, 171
1, 16, 10, 179, 166, 171
13, 15, 10, 179, 166, 171
1, 15, 10, 179, 166, 171
14, 14, 10, 179, 166, 171
0, 14, 10, 179, 166, 171
14, 13, 10, 157, 146, 152
13, 8, 8, 179, 166, 171
0, 9, 8, 179, 166, 171
0, 13, 10, 179, 166, 171
14, 12, 10, 157, 146, 152
0, 12, 10, 179, 166, 171
14, 11, 10, 157, 146, 152
0, 11, 10, 179, 166, 171
14, 10, 10, 179, 166, 171
0, 10, 10, 179, 166, 171
14, 9, 10, 194, 174, 172
0, 9, 10, 179, 166, 171
14, 8, 10, 195, 185, 189
0, 8, 10, 195, 181, 186
13, 7, 10, 179, 166, 171
1, 7, 10, 179, 166, 171
14, 9, 8, 186, 171, 173
0, 10, 8, 179, 166, 171
13, 6, 10, 179, 166, 171
1, 6, 10, 179, 166, 171
13, 5, 10, 179, 166, 171
1, 5, 10, 179, 166, 171
12, 4, 10, 179, 166, 171
2, 4, 10, 187, 173, 179
11, 3, 10, 179, 166, 171
10, 3, 10, 179, 166, 171
4, 3, 10, 179, 166, 171
3, 3, 10, 179, 166, 171
9, 2, 10, 74, 43, 44
8, 2, 10, 74, 43, 44
7, 2, 10, 74, 43, 44
14, 10, 8, 179, 166, 171
0, 11, 8, 179, 166, 171
6, 2, 10, 74, 43, 44
5, 2, 10, 74, 43, 44
8, 26, 9, 43, 35, 27
7, 26, 9, 43, 35, 27
6, 26, 9, 43, 35, 27
9, 25, 9, 18, 12, 11
8, 25, 9, 43, 35, 27
7, 25, 9, 43, 35, 27
6, 25, 9, 43, 35, 27
5, 25, 9, 27, 28, 27
9, 24, 9, 18, 12, 11
8, 24, 9, 43, 35, 27
7, 24, 9, 43, 35, 27
14, 11, 8, 179, 166, 171
0, 12, 8, 179, 166, 171
6, 24, 9, 43, 35, 27
5, 24, 9, 27, 28, 27
10, 23, 9, 0, 0, 1
4, 23, 9, 27, 28, 27
11, 22, 9, 179, 166, 171
3, 22, 9, 74, 43, 44
11, 21, 9, 179, 166, 171
3, 21, 9, 74, 43, 44
11, 20, 9, 179, 166, 171
3, 20, 9, 74, 43, 44
12, 19, 9, 179, 166, 171
2, 19, 9, 179, 166, 171
12, 18, 9, 179, 166, 171
14, 12, 8, 179, 166, 171
0, 13, 8, 179, 166, 171
2, 18, 9, 179, 166, 171
13, 17, 9, 179, 166, 171
1, 17, 9, 179, 166, 171
13, 16, 9, 179, 166, 171
1, 16, 9, 179, 166, 171
14, 15, 9, 179, 166, 171
0, 15, 9, 179, 166, 171
14, 14, 9, 179, 166, 171
0, 14, 9, 179, 166, 171
14, 13, 9, 179, 166, 171
0, 13, 9, 179, 166, 171
14, 12, 9, 179, 166, 171
0, 12, 9, 179, 166, 171
14, 13, 8, 179, 166, 171
0, 14, 8, 179, 166, 171
14, 11, 9, 179, 166, 171
0, 11, 9, 179, 166, 171
14, 10, 9, 179, 166, 171
0, 10, 9, 179, 166, 171
14, 9, 9, 190, 178, 184
0, 9, 9, 179, 166, 171
14, 8, 9, 186, 171, 173
0, 8, 9, 179, 166, 171
13, 7, 9, 179, 166, 171
1, 7, 9, 179, 166, 171
13, 6, 9, 179, 166, 171
1, 6, 9, 179, 166, 171
12, 5, 9, 179, 166, 171
14, 14, 8, 179, 166, 171
0, 15, 8, 179, 166, 171
2, 5, 9, 179, 166, 171
11, 4, 9, 179, 166, 171
3, 4, 9, 179, 166, 171
10, 3, 9, 179, 166, 171
9, 3, 9, 179, 166, 171
8, 3, 9, 179, 166, 171
7, 3, 9, 179, 166, 171
6, 3, 9, 179, 166, 171
5, 3, 9, 179, 166, 171
4, 3, 9, 179, 166, 171
9, 26, 8, 74, 43, 44
8, 26, 8, 74, 43, 44
7, 26, 8, 74, 43, 44
14, 15, 8, 179, 166, 171
1, 16, 8, 179, 166, 171
6, 26, 8, 74, 43, 44
5, 26, 8, 74, 43, 44
10, 25, 8, 179, 166, 171
4, 25, 8, 179, 166, 171
10, 24, 8, 179, 166, 171
4, 24, 8, 74, 43, 44
11, 23, 8, 179, 166, 171
3, 23, 8, 179, 166, 171
11, 22, 8, 179, 166, 171
3, 22, 8, 74, 43, 44
11, 21, 8, 179, 166, 171
13, 16, 8, 179, 166, 171
1, 17, 8, 179, 166, 171
3, 21, 8, 74, 43, 44
12, 20, 8, 179, 166, 171
2, 20, 8, 179, 166, 171
12, 19, 8, 179, 166, 171
2, 19, 8, 179, 166, 171
12, 18, 8, 179, 166, 171
2, 18, 8, 179, 166, 171
13, 17, 8, 179, 166, 171
4, 11, 4, 191, 191, 191
10, 11, 4, 191, 191, 191
4, 10, 5, 191, 191, 191
5, 10, 5, 191, 191, 191
6, 10, 5, 191, 191, 191
7, 10, 5, 191, 191, 191
8, 10, 5, 191, 191, 191
9, 10, 5, 191, 191, 191
10, 10, 5, 191, 191, 191
3, 11, 5, 191, 191, 191
8, 8, 26, 191, 191, 191
5, 11, 5, 191, 191, 191
6, 11, 5, 191, 191, 191
7, 11, 5, 191, 191, 191
8, 11, 5, 191, 191, 191
9, 11, 5, 191, 191, 191
7, 8, 26, 191, 191, 191
11, 11, 5, 191, 191, 191
3, 12, 5, 191, 191, 191
4, 12, 5, 191, 191, 191
5, 12, 5, 191, 191, 191
6, 12, 5, 191, 191, 191
7, 12, 5, 191, 191, 191
8, 12, 5, 191, 191, 191
9, 12, 5, 191, 191, 191
10, 12, 5, 191, 191, 191
11, 12, 5, 191, 191, 191
3, 13, 5, 191, 191, 191
4, 13, 5, 191, 191, 191
5, 13, 5, 191, 191, 191
6, 13, 5, 191, 191, 191
7, 13, 5, 191, 191, 191
8, 13, 5, 191, 191, 191
9, 13, 5, 191, 191, 191
10, 13, 5, 191, 191, 191
11, 13, 5, 191, 191, 191
3, 14, 5, 191, 191, 191
4, 14, 5, 191, 191, 191
5, 14, 5, 191, 191, 191
6, 14, 5, 191, 191, 191
7, 14, 5, 191, 191, 191
8, 14, 5, 191, 191, 191
9, 14, 5, 191, 191, 191
10, 14, 5, 191, 191, 191
11, 14, 5, 191, 191, 191
3, 15, 5, 191, 191, 191
4, 15, 5, 191, 191, 191
5, 15, 5, 191, 191, 191
6, 15, 5, 191, 191, 191
7, 15, 5, 191, 191, 191
8, 15, 5, 191, 191, 191
9, 15, 5, 191, 191, 191
10, 15, 5, 191, 191, 191
11, 15, 5, 191, 191, 191
4, 16, 5, 191, 191, 191
5, 16, 5, 191, 191, 191
6, 16, 5, 191, 191, 191
7, 16, 5, 191, 191, 191
8, 16, 5, 191, 191, 191
9, 16, 5, 191, 191, 191
10, 16, 5, 191, 191, 191
4, 17, 5, 191, 191, 191
5, 17, 5, 191, 191, 191
6, 17, 5, 191, 191, 191
7, 17, 5, 191, 191, 191
8, 17, 5, 191, 191, 191
9, 17, 5, 191, 191, 191
10, 17, 5, 191, 191, 191
4, 18, 5, 191, 191, 191
5, 18, 5, 191, 191, 191
6, 18, 5, 191, 191, 191
7, 18, 5, 191, 191, 191
8, 18, 5, 191, 191, 191
9, 18, 5, 191, 191, 191
10, 18, 5, 191, 191, 191
5, 19, 5, 191, 191, 191
6, 19, 5, 191, 191, 191
7, 19, 5, 191, 191, 191
8, 19, 5, 191, 191, 191
9, 19, 5, 191, 191, 191
5, 20, 5, 191, 191, 191
6, 20, 5, 191, 191, 191
7, 20, 5, 191, 191, 191
8, 20, 5, 191, 191, 191
9, 20, 5, 191, 191, 191
6, 21, 5, 191, 191, 191
7, 21, 5, 191, 191, 191
8, 21, 5, 191, 191, 191
7, 22, 5, 191, 191, 191
4, 8, 6, 191, 191, 191
5, 8, 6, 191, 191, 191
6, 8, 6, 191, 191, 191
7, 8, 6, 191, 191, 191
8, 8, 6, 191, 191, 191
9, 8, 6, 191, 191, 191
10, 8, 6, 191, 191, 191
3, 9, 6, 191, 191, 191
4, 9, 6, 191, 191, 191
5, 9, 6, 191, 191, 191
6, 9, 6, 191, 191, 191
7, 9, 6, 191, 191, 191
8, 9, 6, 191, 191, 191
9, 9, 6, 191, 191, 191
10, 9, 6, 191, 191, 191
11, 9, 6, 191, 191, 191
2, 10, 6, 191, 191, 191
3, 10, 6, 191, 191, 191
6, 8, 26, 191, 191, 191
8, 7, 26, 191, 191, 191
7, 7, 26, 191, 191, 191
6, 7, 26, 191, 191, 191
8, 6, 26, 191, 191, 191
7, 6, 26, 191, 191, 191
6, 6, 26, 191, 191, 191
11, 10, 6, 191, 191, 191
12, 10, 6, 191, 191, 191
2, 11, 6, 191, 191, 191
8, 5, 26, 191, 191, 191
7, 5, 26, 191, 191, 191
12, 11, 6, 191, 191, 191
1, 12, 6, 191, 191, 191
2, 12, 6, 191, 191, 191
6, 5, 25, 191, 191, 191
8, 4, 25, 191, 191, 191
12, 12, 6, 191, 191, 191
13, 12, 6, 191, 191, 191
1, 13, 6, 191, 191, 191
2, 13, 6, 191, 191, 191
7, 4, 25, 191, 191, 191
6, 4, 25, 191, 191, 191
8, 8, 25, 191, 191, 191
7, 8, 25, 191, 191, 191
6, 8, 25, 191, 191, 191
12, 13, 6, 191, 191, 191
13, 13, 6, 191, 191, 191
1, 14, 6, 191, 191, 191
2, 14, 6, 191, 191, 191
8, 7, 25, 191, 191, 191
6, 7, 25, 191, 191, 191
8, 6, 25, 191, 191, 191
6, 6, 25, 191, 191, 191
8, 5, 25, 191, 191, 191
12, 14, 6, 191, 191, 191
13, 14, 6, 191, 191, 191
2, 15, 6, 191, 191, 191
7, 3, 24, 191, 191, 191
7, 2, 24, 191, 191, 191
8, 8, 24, 191, 191, 191
7, 8, 24, 191, 191, 191
6, 8, 24, 191, 191, 191
8, 7, 24, 191, 191, 191
12, 15, 6, 191, 191, 191
2, 16, 6, 191, 191, 191
3, 16, 6, 191, 191, 191
6, 7, 24, 191, 191, 191
8, 6, 24, 191, 191, 191
6, 6, 24, 191, 191, 191
8, 5, 24, 191, 191, 191
6, 5, 24, 191, 191, 191
8, 4, 24, 191, 191, 191
6, 4, 24, 191, 191, 191
11, 16, 6, 191, 191, 191
12, 16, 6, 191, 191, 191
2, 17, 6, 191, 191, 191
3, 17, 6, 191, 191, 191
11, 17, 6, 191, 191, 191
12, 17, 6, 191, 191, 191
2, 18, 6, 191, 191, 191
3, 18, 6, 191, 191, 191
8, 8, 23, 191, 191, 191
7, 8, 23, 191, 191, 191
6, 8, 23, 191, 191, 191
8, 7, 23, 191, 191, 191
11, 18, 6, 191, 191, 191
12, 18, 6, 191, 191, 191
3, 19, 6, 191, 191, 191
4, 19, 6, 191, 191, 191
6, 7, 23, 191, 191, 191
8, 6, 23, 191, 191, 191
6, 6, 23, 191, 191, 191
10, 19, 6, 191, 191, 191
11, 19, 6, 191, 191, 191
3, 20, 6, 191, 191, 191
4, 20, 6, 191, 191, 191
7, 6, 23, 191, 191, 191
7, 5, 24, 191, 191, 191
7, 4, 24, 191, 191, 191
10, 20, 6, 191, 191, 191
11, 20, 6, 191, 191, 191
4, 21, 6, 191, 191, 191
5, 21, 6, 191, 191, 191
9, 21, 6, 191, 191, 191
10, 21, 6, 191, 191, 191
4, 22, 6, 191, 191, 191
5, 22, 6, 191, 191, 191
6, 22, 6, 191, 191, 191
8, 22, 6, 191, 191, 191
9, 22, 6, 191, 191, 191
10, 22, 6, 191, 191, 191
5, 23, 6, 191, 191, 191
6, 23, 6, 191, 191, 191
7, 23, 6, 191, 191, 191
8, 23, 6, 191, 191, 191
9, 23, 6, 191, 191, 191
5, 24, 6, 191, 191, 191
6, 24, 6, 191, 191, 191
7, 24, 6, 191, 191, 191
8, 24, 6, 191, 191, 191
9, 24, 6, 191, 191, 191
6, 25, 6, 191, 191, 191
7, 25, 6, 191, 191, 191
8, 25, 6, 191, 191, 191
7, 26, 6, 191, 191, 191
4, 6, 7, 191, 191, 191
5, 6, 7, 191, 191, 191
6, 6, 7, 191, 191, 191
7, 6, 7, 191, 191, 191
8, 6, 7, 191, 191, 191
9, 6, 7, 191, 191, 191
10, 6, 7, 191, 191, 191
3, 7, 7, 191, 191, 191
4, 7, 7, 191, 191, 191
5, 7, 7, 191, 191, 191
6, 7, 7, 191, 191, 191
7, 7, 7, 191, 191, 191
8, 7, 7, 191, 191, 191
9, 7, 7, 191, 191, 191
10, 7, 7, 191, 191, 191
11, 7, 7, 191, 191, 191
2, 8, 7, 191, 191, 191
3, 8, 7, 191, 191, 191
11, 8, 7, 191, 191, 191
12, 8, 7, 191, 191, 191
2, 9, 7, 191, 191, 191
8, 8, 22, 191, 191, 191
7, 8, 22, 191, 191, 191
6, 8, 22, 191, 191, 191
8, 7, 22, 191, 191, 191
6, 7, 22, 191, 191, 191
12, 9, 7, 191, 191, 191
1, 10, 7, 191, 191, 191
8, 6, 21, 191, 191, 191
7, 7, 22, 191, 191, 191
7, 6, 21, 191, 191, 191
6, 6, 21, 191, 191, 191
8, 7, 21, 191, 191, 191
7, 7, 21, 191, 191, 191
6, 7, 21, 191, 191, 191
13, 10, 7, 191, 191, 191
1, 11, 7, 191, 191, 191
7, 5, 20, 191, 191, 191
8, 7, 20, 191, 191, 191
7, 7, 20, 191, 191, 191
6, 7, 20, 191, 191, 191
8, 6, 20, 191, 191, 191
6, 6, 20, 191, 191, 191
13, 11, 7, 191, 191, 191
8, 5, 19, 191, 191, 191
6, 5, 19, 191, 191, 191
7, 7, 19, 191, 191, 191
8, 6, 19, 191, 191, 191
8, 7, 18, 191, 191, 191
6, 6, 19, 191, 191, 191
6, 7, 18, 191, 191, 191
8, 4, 18, 191, 191, 191
7, 5, 19, 191, 191, 191
7, 4, 18, 191, 191, 191
6, 4, 18, 191, 191, 191
8, 8, 17, 191, 191, 191
7, 7, 18, 191, 191, 191
7, 8, 17, 191, 191, 191
6, 8, 17, 191, 191, 191
8, 6, 18, 191, 191, 191
6, 6, 18, 191, 191, 191
8, 5, 18, 191, 191, 191
6, 5, 18, 191, 191, 191
7, 3, 17, 191, 191, 191
8, 9, 16, 191, 191, 191
7, 9, 16, 191, 191, 191
6, 9, 16, 191, 191, 191
9, 8, 16, 191, 191, 191
5, 8, 16, 191, 191, 191
8, 7, 17, 191, 191, 191
9, 7, 16, 191, 191, 191
6, 7, 17, 191, 191, 191
5, 7, 16, 191, 191, 191
1, 15, 7, 191, 191, 191
8, 6, 17, 191, 191, 191
9, 6, 16, 191, 191, 191
6, 6, 17, 191, 191, 191
5, 6, 16, 191, 191, 191
8, 5, 17, 191, 191, 191
9, 5, 16, 191, 191, 191
6, 5, 17, 191, 191, 191
5, 5, 16, 191, 191, 191
8, 4, 17, 191, 191, 191
9, 4, 16, 191, 191, 191
6, 4, 17, 191, 191, 191
5, 4, 16, 191, 191, 191
8, 3, 16, 191, 191, 191
6, 3, 16, 191, 191, 191
13, 15, 7, 191, 191, 191
9, 12, 15, 191, 191, 191
8, 12, 15, 191, 191, 191
7, 12, 15, 191, 191, 191
6, 12, 15, 191, 191, 191
5, 12, 15, 191, 191, 191
10, 11, 15, 191, 191, 191
9, 11, 15, 191, 191, 191
8, 11, 15, 191, 191, 191
7, 11, 15, 191, 191, 191
6, 11, 15, 191, 191, 191
5, 11, 15, 191, 191, 191
4, 11, 15, 191, 191, 191
11, 10, 15, 191, 191, 191
10, 10, 15, 191, 191, 191
9, 10, 15, 191, 191, 191
8, 10, 15, 191, 191, 191
7, 10, 15, 191, 191, 191
6, 10, 15, 191, 191, 191
5, 10, 15, 191, 191, 191
4, 10, 15, 191, 191, 191
3, 10, 15, 191, 191, 191
11, 9, 15, 191, 191, 191
10, 9, 15, 191, 191, 191
9, 9, 15, 191, 191, 191
5, 9, 15, 191, 191, 191
4, 9, 15, 191, 191, 191
3, 9, 15, 191, 191, 191
11, 8, 15, 191, 191, 191
10, 8, 15, 191, 191, 191
4, 8, 15, 191, 191, 191
3, 8, 15, 191, 191, 191
11, 7, 15, 191, 191, 191
10, 7, 15, 191, 191, 191
4, 7, 15, 191, 191, 191
3, 7, 15, 191, 191, 191
10, 6, 15, 191, 191, 191
4, 6, 15, 191, 191, 191
10, 5, 15, 191, 191, 191
4, 5, 15, 191, 191, 191
10, 4, 15, 191, 191, 191
4, 4, 15, 191, 191, 191
9, 3, 15, 191, 191, 191
5, 3, 15, 191, 191, 191
8, 2, 15, 191, 191, 191
7, 3, 16, 191, 191, 191
7, 2, 15, 191, 191, 191
6, 2, 15, 191, 191, 191
10, 14, 14, 191, 191, 191
9, 14, 14, 191, 191, 191
8, 14, 14, 191, 191, 191
7, 14, 14, 191, 191, 191
6, 14, 14, 191, 191, 191
5, 14, 14, 191, 191, 191
4, 14, 14, 191, 191, 191
11, 13, 14, 191, 191, 191
10, 13, 14, 191, 191, 191
9, 13, 14, 191, 191, 191
8, 13, 14, 191, 191, 191
7, 13, 14, 191, 191, 191
6, 13, 14, 191, 191, 191
5, 13, 14, 191, 191, 191
4, 13, 14, 191, 191, 191
3, 13, 14, 191, 191, 191
12, 12, 14, 191, 191, 191
11, 12, 14, 191, 191, 191
10, 12, 14, 191, 191, 191
4, 12, 14, 191, 191, 191
3, 12, 14, 191, 191, 191
2, 12, 14, 191, 191, 191
12, 11, 14, 191, 191, 191
11, 11, 14, 191, 191, 191
3, 11, 14, 191, 191, 191
2, 11, 14, 191, 191, 191
12, 10, 14, 191, 191, 191
2, 10, 14, 191, 191, 191
12, 9, 14, 191, 191, 191
2, 9, 14, 191, 191, 191
12, 8, 14, 191, 191, 191
2, 8, 14, 191, 191, 191
6, 4, 8, 191, 191, 191
7, 4, 8, 191, 191, 191
8, 4, 8, 191, 191, 191
3, 5, 8, 191, 191, 191
4, 5, 8, 191, 191, 191
5, 5, 8, 191, 191, 191
6, 5, 8, 191, 191, 191
7, 5, 8, 191, 191, 191
8, 5, 8, 191, 191, 191
9, 5, 8, 191, 191, 191
10, 5, 8, 191, 191, 191
11, 5, 8, 191, 191, 191
2, 6, 8, 191, 191, 191
3, 6, 8, 191, 191, 191
11, 6, 14, 191, 191, 191
3, 6, 14, 191, 191, 191
11, 5, 14, 191, 191, 191
3, 5, 14, 191, 191, 191
11, 6, 8, 191, 191, 191
12, 6, 8, 191, 191, 191
2, 7, 8, 191, 191, 191
10, 3, 14, 191, 191, 191
4, 3, 14, 191, 191, 191
9, 16, 13, 191, 191, 191
8, 16, 13, 191, 191, 191
12, 7, 8, 191, 191, 191
7, 16, 13, 191, 191, 191
6, 16, 13, 191, 191, 191
5, 16, 13, 191, 191, 191
10, 15, 13, 191, 191, 191
9, 15, 13, 191, 191, 191
8, 15, 13, 191, 191, 191
7, 15, 13, 191, 191, 191
6, 15, 13, 191, 191, 191
5, 15, 13, 191, 191, 191
4, 15, 13, 191, 191, 191
12, 14, 13, 191, 191, 191
1, 9, 8, 191, 191, 191
11, 14, 13, 191, 191, 191
3, 14, 13, 191, 191, 191
2, 14, 13, 191, 191, 191
12, 13, 13, 191, 191, 191
2, 13, 13, 191, 191, 191
13, 10, 13, 191, 191, 191
1, 10, 13, 191, 191, 191
13, 9, 8, 191, 191, 191
11, 7, 14, 191, 191, 191
12, 7, 13, 191, 191, 191
3, 7, 14, 191, 191, 191
2, 7, 13, 191, 191, 191
12, 6, 13, 191, 191, 191
2, 6, 13, 191, 191, 191
10, 4, 14, 191, 191, 191
11, 4, 13, 191, 191, 191
4, 4, 14, 191, 191, 191
3, 4, 13, 191, 191, 191
8, 2, 14, 191, 191, 191
9, 3, 14, 191, 191, 191
9, 2, 13, 191, 191, 191
6, 2, 14, 191, 191, 191
5, 3, 14, 191, 191, 191
5, 2, 13, 191, 191, 191
7, 2, 14, 191, 191, 191
10, 17, 12, 191, 191, 191
9, 17, 12, 191, 191, 191
8, 17, 12, 191, 191, 191
7, 17, 12, 191, 191, 191
6, 17, 12, 191, 191, 191
1, 12, 7, 191, 191, 191
5, 17, 12, 191, 191, 191
4, 17, 12, 191, 191, 191
11, 16, 12, 191, 191, 191
10, 16, 12, 191, 191, 191
4, 16, 12, 191, 191, 191
3, 16, 12, 191, 191, 191
12, 15, 12, 191, 191, 191
11, 15, 12, 191, 191, 191
3, 15, 12, 191, 191, 191
2, 15, 12, 191, 191, 191
13, 12, 7, 191, 191, 191
1, 13, 7, 191, 191, 191
12, 12, 13, 191, 191, 191
13, 12, 12, 191, 191, 191
2, 12, 13, 191, 191, 191
1, 12, 12, 191, 191, 191
12, 11, 13, 191, 191, 191
13, 11, 12, 191, 191, 191
2, 11, 13, 191, 191, 191
1, 11, 12, 191, 191, 191
12, 9, 13, 191, 191, 191
13, 9, 12, 191, 191, 191
2, 9, 13, 191, 191, 191
1, 9, 12, 191, 191, 191
12, 8, 13, 191, 191, 191
13, 8, 12, 191, 191, 191
2, 8, 13, 191, 191, 191
1, 8, 12, 191, 191, 191
13, 13, 7, 191, 191, 191
1, 14, 7, 191, 191, 191
11, 5, 13, 191, 191, 191
12, 5, 12, 191, 191, 191
3, 5, 13, 191, 191, 191
2, 5, 12, 191, 191, 191
10, 3, 13, 191, 191, 191
4, 3, 13, 191, 191, 191
8, 2, 13, 191, 191, 191
7, 2, 13, 191, 191, 191
13, 14, 7, 191, 191, 191
6, 2, 13, 191, 191, 191
9, 19, 11, 191, 191, 191
8, 19, 11, 191, 191, 191
7, 19, 11, 191, 191, 191
6, 19, 11, 191, 191, 191
5, 19, 11, 191, 191, 191
10, 18, 11, 191, 191, 191
9, 18, 11, 191, 191, 191
8, 18, 11, 191, 191, 191
7, 18, 11, 191, 191, 191
6, 18, 11, 191, 191, 191
5, 18, 11, 191, 191, 191
2, 16, 7, 191, 191, 191
4, 18, 11, 191, 191, 191
11, 17, 11, 191, 191, 191
3, 17, 11, 191, 191, 191
12, 16, 11, 191, 191, 191
2, 16, 11, 191, 191, 191
12, 14, 12, 191, 191, 191
13, 14, 11, 191, 191, 191
2, 14, 12, 191, 191, 191
1, 14, 11, 191, 191, 191
12, 13, 12, 191, 191, 191
13, 13, 11, 191, 191, 191
2, 13, 12, 191, 191, 191
1, 13, 11, 191, 191, 191
12, 16, 7, 191, 191, 191
2, 17, 7, 191, 191, 191
13, 10, 12, 191, 191, 191
1, 10, 12, 191, 191, 191
12, 7, 12, 191, 191, 191
12, 17, 7, 191, 191, 191
2, 18, 7, 191, 191, 191
2, 7, 12, 191, 191, 191
12, 6, 12, 191, 191, 191
2, 6, 12, 191, 191, 191
11, 4, 12, 191, 191, 191
3, 4, 12, 191, 191, 191
10, 3, 12, 191, 191, 191
4, 3, 12, 191, 191, 191
9, 2, 12, 191, 191, 191
5, 2, 12, 191, 191, 191
12, 18, 7, 191, 191, 191
3, 19, 7, 191, 191, 191
8, 2, 12, 191, 191, 191
7, 2, 12, 191, 191, 191
6, 2, 12, 191, 191, 191
9, 21, 10, 191, 191, 191
8, 21, 10, 191, 191, 191
7, 21, 10, 191, 191, 191
6, 21, 10, 191, 191, 191
11, 19, 7, 191, 191, 191
3, 20, 7, 191, 191, 191
5, 21, 10, 191, 191, 191
10, 20, 10, 191, 191, 191
9, 20, 10, 191, 191, 191
8, 20, 10, 191, 191, 191
7, 20, 10, 191, 191, 191
6, 20, 10, 191, 191, 191
5, 20, 10, 191, 191, 191
4, 20, 10, 191, 191, 191
11, 20, 7, 191, 191, 191
4, 21, 7, 191, 191, 191
10, 19, 10, 191, 191, 191
4, 19, 10, 191, 191, 191
11, 18, 10, 191, 191, 191
3, 18, 10, 191, 191, 191
10, 21, 7, 191, 191, 191
4, 22, 7, 191, 191, 191
12, 15, 11, 191, 191, 191
2, 15, 11, 191, 191, 191
10, 22, 7, 191, 191, 191
5, 23, 7, 191, 191, 191
4, 23, 8, 191, 191, 191
13, 12, 11, 191, 191, 191
1, 12, 11, 191, 191, 191
13, 11, 11, 191, 191, 191
1, 11, 11, 191, 191, 191
9, 23, 7, 191, 191, 191
10, 23, 8, 191, 191, 191
6, 24, 7, 191, 191, 191
5, 24, 8, 191, 191, 191
13, 10, 11, 191, 191, 191
1, 10, 11, 191, 191, 191
13, 9, 11, 191, 191, 191
8, 24, 7, 191, 191, 191
9, 24, 8, 191, 191, 191
6, 25, 7, 191, 191, 191
5, 25, 8, 191, 191, 191
1, 9, 11, 191, 191, 191
13, 8, 11, 191, 191, 191
1, 8, 11, 191, 191, 191
8, 25, 7, 191, 191, 191
9, 25, 8, 191, 191, 191
7, 26, 7, 191, 191, 191
12, 7, 11, 191, 191, 191
4, 4, 9, 191, 191, 191
5, 4, 9, 191, 191, 191
2, 7, 11, 191, 191, 191
12, 6, 11, 191, 191, 191
2, 6, 11, 191, 191, 191
9, 4, 9, 191, 191, 191
10, 4, 9, 191, 191, 191
12, 5, 11, 191, 191, 191
2, 5, 11, 191, 191, 191
11, 4, 11, 191, 191, 191
3, 4, 11, 191, 191, 191
10, 3, 11, 191, 191, 191
4, 3, 11, 191, 191, 191
8, 2, 11, 191, 191, 191
9, 3, 11, 191, 191, 191
6, 2, 11, 191, 191, 191
5, 3, 11, 191, 191, 191
7, 2, 11, 191, 191, 191
9, 23, 9, 191, 191, 191
8, 23, 9, 191, 191, 191
7, 23, 9, 191, 191, 191
6, 23, 9, 191, 191, 191
5, 23, 9, 191, 191, 191
10, 22, 9, 191, 191, 191
9, 22, 9, 191, 191, 191
8, 22, 9, 191, 191, 191
7, 22, 9, 191, 191, 191
6, 22, 9, 191, 191, 191
5, 22, 9, 191, 191, 191
4, 22, 9, 191, 191, 191
10, 21, 9, 191, 191, 191
4, 21, 9, 191, 191, 191
11, 19, 9, 191, 191, 191
3, 19, 9, 191, 191, 191
2, 8, 8, 191, 191, 191
1, 8, 9, 191, 191, 191
11, 17, 10, 191, 191, 191
12, 16, 10, 191, 191, 191
12, 17, 9, 191, 191, 191
3, 17, 10, 191, 191, 191
2, 16, 10, 191, 191, 191
2, 17, 9, 191, 191, 191
12, 15, 10, 191, 191, 191
13, 14, 10, 191, 191, 191
13, 15, 9, 191, 191, 191
2, 15, 10, 191, 191, 191
1, 14, 10, 191, 191, 191
1, 15, 9, 191, 191, 191
13, 13, 10, 191, 191, 191
12, 8, 8, 191, 191, 191
13, 8, 9, 191, 191, 191
1, 13, 10, 191, 191, 191
13, 12, 10, 191, 191, 191
1, 12, 10, 191, 191, 191
13, 11, 10, 191, 191, 191
1, 11, 10, 191, 191, 191
13, 10, 10, 191, 191, 191
1, 10, 10, 191, 191, 191
13, 9, 10, 191, 191, 191
1, 9, 10, 191, 191, 191
13, 8, 10, 191, 191, 191
1, 8, 10, 191, 191, 191
12, 7, 10, 191, 191, 191
2, 7, 10, 191, 191, 191
1, 10, 8, 191, 191, 191
12, 6, 10, 191, 191, 191
2, 6, 10, 191, 191, 191
12, 5, 10, 191, 191, 191
2, 5, 10, 191, 191, 191
11, 4, 10, 191, 191, 191
3, 4, 10, 191, 191, 191
9, 3, 10, 191, 191, 191
10, 4, 10, 191, 191, 191
5, 3, 10, 191, 191, 191
4, 4, 10, 191, 191, 191
8, 3, 10, 191, 191, 191
7, 3, 10, 191, 191, 191
13, 10, 8, 191, 191, 191
1, 11, 8, 191, 191, 191
6, 3, 10, 191, 191, 191
8, 25, 8, 191, 191, 191
7, 25, 8, 191, 191, 191
6, 25, 8, 191, 191, 191
8, 24, 8, 191, 191, 191
7, 24, 8, 191, 191, 191
13, 11, 8, 191, 191, 191
1, 12, 8, 191, 191, 191
6, 24, 8, 191, 191, 191
10, 20, 9, 191, 191, 191
11, 20, 8, 191, 191, 191
4, 20, 9, 191, 191, 191
3, 20, 8, 191, 191, 191
11, 18, 9, 191, 191, 191
13, 12, 8, 191, 191, 191
1, 13, 8, 191, 191, 191
3, 18, 9, 191, 191, 191
12, 16, 9, 191, 191, 191
2, 16, 9, 191, 191, 191
13, 14, 9, 191, 191, 191
1, 14, 9, 191, 191, 191
13, 13, 9, 191, 191, 191
1, 13, 9, 191, 191, 191
13, 12, 9, 191, 191, 191
1, 12, 9, 191, 191, 191
13, 13, 8, 191, 191, 191
1, 14, 8, 191, 191, 191
13, 11, 9, 191, 191, 191
1, 11, 9, 191, 191, 191
13, 10, 9, 191, 191, 191
1, 10, 9, 191, 191, 191
13, 9, 9, 191, 191, 191
1, 9, 9, 191, 191, 191
12, 7, 9, 191, 191, 191
2, 7, 9, 191, 191, 191
12, 6, 9, 191, 191, 191
2, 6, 9, 191, 191, 191
11, 5, 9, 191, 191, 191
13, 14, 8, 191, 191, 191
1, 15, 8, 191, 191, 191
3, 5, 9, 191, 191, 191
8, 4, 9, 191, 191, 191
7, 4, 9, 191, 191, 191
6, 4, 9, 191, 191, 191
13, 15, 8, 191, 191, 191
2, 16, 8, 191, 191, 191
10, 22, 8, 191, 191, 191
4, 22, 8, 191, 191, 191
10, 21, 8, 191, 191, 191
12, 16, 8, 191, 191, 191
2, 17, 8, 191, 191, 191
4, 21, 8, 191, 191, 191
11, 19, 8, 191, 191, 191
3, 19, 8, 191, 191, 191
11, 18, 8, 191, 191, 191
12, 17, 8, 191, 191, 191
3, 18, 8, 191, 191, 191
4, 11, 5, 191, 191, 191
10, 11, 5, 191, 191, 191
4, 10, 6, 191, 191, 191
5, 10, 6, 191, 191, 191
6, 10, 6, 191, 191, 191
7, 10, 6, 191, 191, 191
8, 10, 6, 191, 191, 191
9, 10, 6, 191, 191, 191
10, 10, 6, 191, 191, 191
3, 11, 6, 191, 191, 191
5, 11, 6, 191, 191, 191
6, 11, 6, 191, 191, 191
7, 11, 6, 191, 191, 191
8, 11, 6, 191, 191, 191
9, 11, 6, 191, 191, 191
11, 11, 6, 191, 191, 191
3, 12, 6, 191, 191, 191
4, 12, 6, 191, 191, 191
5, 12, 6, 191, 191, 191
6, 12, 6, 191, 191, 191
7, 12, 6, 191, 191, 191
8, 12, 6, 191, 191, 191
9, 12, 6, 191, 191, 191
10, 12, 6, 191, 191, 191
11, 12, 6, 191, 191, 191
3, 13, 6, 191, 191, 191
4, 13, 6, 191, 191, 191
5, 13, 6, 191, 191, 191
6, 13, 6, 191, 191, 191
7, 13, 6, 191, 191, 191
8, 13, 6, 191, 191, 191
9, 13, 6, 191, 191, 191
10, 13, 6, 191, 191, 191
11, 13, 6, 191, 191, 191
3, 14, 6, 191, 191, 191
4, 14, 6, 191, 191, 191
5, 14, 6, 191, 191, 191
6, 14, 6, 191, 191, 191
7, 14, 6, 191, 191, 191
8, 14, 6, 191, 191, 191
9, 14, 6, 191, 191, 191
10, 14, 6, 191, 191, 191
11, 14, 6, 191, 191, 191
3, 15, 6, 191, 191, 191
4, 15, 6, 191, 191, 191
5, 15, 6, 191, 191, 191
6, 15, 6, 191, 191, 191
7, 15, 6, 191, 191, 191
8, 15, 6, 191, 191, 191
9, 15, 6, 191, 191, 191
10, 15, 6, 191, 191, 191
11, 15, 6, 191, 191, 191
4, 16, 6, 191, 191, 191
5, 16, 6, 191, 191, 191
6, 16, 6, 191, 191, 191
7, 16, 6, 191, 191, 191
8, 16, 6, 191, 191, 191
9, 16, 6, 191, 191, 191
10, 16, 6, 191, 191, 191
4, 17, 6, 191, 191, 191
5, 17, 6, 191, 191, 191
6, 17, 6, 191, 191, 191
7, 17, 6, 191, 191, 191
8, 17, 6, 191, 191, 191
9, 17, 6, 191, 191, 191
10, 17, 6, 191, 191, 191
4, 18, 6, 191, 191, 191
5, 18, 6, 191, 191, 191
6, 18, 6, 191, 191, 191
7, 18, 6, 191, 191, 191
8, 18, 6, 191, 191, 191
9, 18, 6, 191, 191, 191
10, 18, 6, 191, 191, 191
5, 19, 6, 191, 191, 191
6, 19, 6, 191, 191, 191
7, 19, 6, 191, 191, 191
8, 19, 6, 191, 191, 191
9, 19, 6, 191, 191, 191
5, 20, 6, 191, 191, 191
6, 20, 6, 191, 191, 191
7, 20, 6, 191, 191, 191
8, 20, 6, 191, 191, 191
9, 20, 6, 191, 191, 191
6, 21, 6, 191, 191, 191
7, 21, 6, 191, 191, 191
8, 21, 6, 191, 191, 191
7, 22, 6, 191, 191, 191
4, 8, 7, 191, 191, 191
5, 8, 7, 191, 191, 191
6, 8, 7, 191, 191, 191
7, 8, 7, 191, 191, 191
8, 8, 7, 191, 191, 191
9, 8, 7, 191, 191, 191
10, 8, 7, 191, 191, 191
3, 9, 7, 191, 191, 191
4, 9, 7, 191, 191, 191
5, 9, 7, 191, 191, 191
6, 9, 7, 191, 191, 191
7, 9, 7, 191, 191, 191
8, 9, 7, 191, 191, 191
9, 9, 7, 191, 191, 191
10, 9, 7, 191, 191, 191
11, 9, 7, 191, 191, 191
2, 10, 7, 191, 191, 191
3, 10, 7, 191, 191, 191
7, 7, 25, 191, 191, 191
7, 6, 25, 191, 191, 191
11, 10, 7, 191, 191, 191
12, 10, 7, 191, 191, 191
2, 11, 7, 191, 191, 191
7, 5, 25, 191, 191, 191
12, 11, 7, 191, 191, 191
2, 12, 7, 191, 191, 191
12, 12, 7, 191, 191, 191
2, 13, 7, 191, 191, 191
12, 13, 7, 191, 191, 191
2, 14, 7, 191, 191, 191
12, 14, 7, 191, 191, 191
2, 15, 7, 191, 191, 191
7, 7, 24, 191, 191, 191
12, 15, 7, 191, 191, 191
3, 16, 7, 191, 191, 191
7, 6, 24, 191, 191, 191
11, 16, 7, 191, 191, 191
3, 17, 7, 191, 191, 191
11, 17, 7, 191, 191, 191
3, 18, 7, 191, 191, 191
7, 7, 23, 191, 191, 191
11, 18, 7, 191, 191, 191
4, 19, 7, 191, 191, 191
10, 19, 7, 191, 191, 191
4, 20, 7, 191, 191, 191
10, 20, 7, 191, 191, 191
5, 21, 7, 191, 191, 191
9, 21, 7, 191, 191, 191
5, 22, 7, 191, 191, 191
6, 22, 7, 191, 191, 191
8, 22, 7, 191, 191, 191
9, 22, 7, 191, 191, 191
6, 23, 7, 191, 191, 191
7, 23, 7, 191, 191, 191
8, 23, 7, 191, 191, 191
7, 24, 7, 191, 191, 191
7, 25, 7, 191, 191, 191
4, 6, 8, 191, 191, 191
5, 6, 8, 191, 191, 191
6, 6, 8, 191, 191, 191
7, 6, 8, 191, 191, 191
8, 6, 8, 191, 191, 191
9, 6, 8, 191, 191, 191
10, 6, 8, 191, 191, 191
3, 7, 8, 191, 191, 191
4, 7, 8, 191, 191, 191
5, 7, 8, 191, 191, 191
6, 7, 8, 191, 191, 191
7, 7, 8, 191, 191, 191
8, 7, 8, 191, 191, 191
9, 7, 8, 191, 191, 191
10, 7, 8, 191, 191, 191
11, 7, 8, 191, 191, 191
3, 8, 8, 191, 191, 191
11, 8, 8, 191, 191, 191
2, 9, 8, 191, 191, 191
12, 9, 8, 191, 191, 191
7, 6, 20, 191, 191, 191
7, 6, 19, 191, 191, 191
7, 5, 18, 191, 191, 191
7, 4, 17, 191, 191, 191
8, 8, 16, 191, 191, 191
7, 6, 18, 191, 191, 191
7, 7, 17, 191, 191, 191
7, 8, 16, 191, 191, 191
6, 8, 16, 191, 191, 191
8, 9, 15, 191, 191, 191
7, 9, 15, 191, 191, 191
6, 9, 15, 191, 191, 191
9, 8, 15, 191, 191, 191
5, 8, 15, 191, 191, 191
8, 7, 16, 191, 191, 191
9, 7, 15, 191, 191, 191
6, 7, 16, 191, 191, 191
5, 7, 15, 191, 191, 191
7, 6, 17, 191, 191, 191
8, 6, 16, 191, 191, 191
9, 6, 15, 191, 191, 191
6, 6, 16, 191, 191, 191
5, 6, 15, 191, 191, 191
7, 5, 17, 191, 191, 191
8, 5, 16, 191, 191, 191
9, 5, 15, 191, 191, 191
6, 5, 16, 191, 191, 191
5, 5, 15, 191, 191, 191
8, 4, 16, 191, 191, 191
9, 4, 15, 191, 191, 191
6, 4, 16, 191, 191, 191
5, 4, 15, 191, 191, 191
8, 3, 15, 191, 191, 191
6, 3, 15, 191, 191, 191
9, 12, 14, 191, 191, 191
8, 12, 14, 191, 191, 191
7, 12, 14, 191, 191, 191
6, 12, 14, 191, 191, 191
5, 12, 14, 191, 191, 191
10, 11, 14, 191, 191, 191
9, 11, 14, 191, 191, 191
8, 11, 14, 191, 191, 191
7, 11, 14, 191, 191, 191
6, 11, 14, 191, 191, 191
5, 11, 14, 191, 191, 191
4, 11, 14, 191, 191, 191
11, 10, 14, 191, 191, 191
10, 10, 14, 191, 191, 191
9, 10, 14, 191, 191, 191
8, 10, 14, 191, 191, 191
7, 10, 14, 191, 191, 191
6, 10, 14, 191, 191, 191
5, 10, 14, 191, 191, 191
4, 10, 14, 191, 191, 191
3, 10, 14, 191, 191, 191
11, 9, 14, 191, 191, 191
10, 9, 14, 191, 191, 191
9, 9, 14, 191, 191, 191
5, 9, 14, 191, 191, 191
4, 9, 14, 191, 191, 191
3, 9, 14, 191, 191, 191
11, 8, 14, 191, 191, 191
10, 8, 14, 191, 191, 191
4, 8, 14, 191, 191, 191
3, 8, 14, 191, 191, 191
10, 7, 14, 191, 191, 191
4, 7, 14, 191, 191, 191
10, 6, 14, 191, 191, 191
4, 6, 14, 191, 191, 191
10, 5, 14, 191, 191, 191
4, 5, 14, 191, 191, 191
7, 4, 16, 191, 191, 191
7, 3, 15, 191, 191, 191
10, 14, 13, 191, 191, 191
9, 14, 13, 191, 191, 191
8, 14, 13, 191, 191, 191
7, 14, 13, 191, 191, 191
6, 14, 13, 191, 191, 191
5, 14, 13, 191, 191, 191
4, 14, 13, 191, 191, 191
11, 13, 13, 191, 191, 191
10, 13, 13, 191, 191, 191
9, 13, 13, 191, 191, 191
8, 13, 13, 191, 191, 191
7, 13, 13, 191, 191, 191
6, 13, 13, 191, 191, 191
5, 13, 13, 191, 191, 191
4, 13, 13, 191, 191, 191
3, 13, 13, 191, 191, 191
11, 12, 13, 191, 191, 191
10, 12, 13, 191, 191, 191
4, 12, 13, 191, 191, 191
3, 12, 13, 191, 191, 191
11, 11, 13, 191, 191, 191
3, 11, 13, 191, 191, 191
12, 10, 13, 191, 191, 191
2, 10, 13, 191, 191, 191
4, 5, 9, 191, 191, 191
5, 5, 9, 191, 191, 191
6, 5, 9, 191, 191, 191
7, 5, 9, 191, 191, 191
8, 5, 9, 191, 191, 191
9, 5, 9, 191, 191, 191
10, 5, 9, 191, 191, 191
3, 6, 9, 191, 191, 191
11, 6, 13, 191, 191, 191
3, 6, 13, 191, 191, 191
11, 6, 9, 191, 191, 191
9, 16, 12, 191, 191, 191
8, 16, 12, 191, 191, 191
7, 16, 12, 191, 191, 191
6, 16, 12, 191, 191, 191
5, 16, 12, 191, 191, 191
10, 15, 12, 191, 191, 191
9, 15, 12, 191, 191, 191
8, 15, 12, 191, 191, 191
7, 15, 12, 191, 191, 191
6, 15, 12, 191, 191, 191
5, 15, 12, 191, 191, 191
4, 15, 12, 191, 191, 191
11, 14, 12, 191, 191, 191
3, 14, 12, 191, 191, 191
11, 7, 13, 191, 191, 191
3, 7, 13, 191, 191, 191
9, 4, 14, 191, 191, 191
10, 4, 13, 191, 191, 191
5, 4, 14, 191, 191, 191
4, 4, 13, 191, 191, 191
8, 3, 14, 191, 191, 191
9, 3, 13, 191, 191, 191
6, 3, 14, 191, 191, 191
5, 3, 13, 191, 191, 191
7, 3, 14, 191, 191, 191
10, 17, 11, 191, 191, 191
9, 17, 11, 191, 191, 191
8, 17, 11, 191, 191, 191
7, 17, 11, 191, 191, 191
6, 17, 11, 191, 191, 191
5, 17, 11, 191, 191, 191
4, 17, 11, 191, 191, 191
11, 16, 11, 191, 191, 191
10, 16, 11, 191, 191, 191
4, 16, 11, 191, 191, 191
3, 16, 11, 191, 191, 191
11, 15, 11, 191, 191, 191
3, 15, 11, 191, 191, 191
12, 12, 12, 191, 191, 191
2, 12, 12, 191, 191, 191
12, 11, 12, 191, 191, 191
2, 11, 12, 191, 191, 191
11, 9, 13, 191, 191, 191
12, 9, 12, 191, 191, 191
3, 9, 13, 191, 191, 191
2, 9, 12, 191, 191, 191
11, 8, 13, 191, 191, 191
12, 8, 12, 191, 191, 191
3, 8, 13, 191, 191, 191
2, 8, 12, 191, 191, 191
10, 5, 13, 191, 191, 191
11, 5, 12, 191, 191, 191
4, 5, 13, 191, 191, 191
3, 5, 12, 191, 191, 191
8, 3, 13, 191, 191, 191
7, 3, 13, 191, 191, 191
6, 3, 13, 191, 191, 191
9, 19, 10, 191, 191, 191
8, 19, 10, 191, 191, 191
7, 19, 10, 191, 191, 191
6, 19, 10, 191, 191, 191
5, 19, 10, 191, 191, 191
10, 18, 10, 191, 191, 191
9, 18, 10, 191, 191, 191
8, 18, 10, 191, 191, 191
7, 18, 10, 191, 191, 191
6, 18, 10, 191, 191, 191
5, 18, 10, 191, 191, 191
4, 18, 10, 191, 191, 191
12, 14, 11, 191, 191, 191
2, 14, 11, 191, 191, 191
11, 13, 12, 191, 191, 191
12, 13, 11, 191, 191, 191
3, 13, 12, 191, 191, 191
2, 13, 11, 191, 191, 191
12, 10, 12, 191, 191, 191
2, 10, 12, 191, 191, 191
11, 7, 12, 191, 191, 191
3, 7, 12, 191, 191, 191
11, 6, 12, 191, 191, 191
3, 6, 12, 191, 191, 191
10, 4, 12, 191, 191, 191
4, 4, 12, 191, 191, 191
9, 3, 12, 191, 191, 191
5, 3, 12, 191, 191, 191
8, 3, 12, 191, 191, 191
7, 3, 12, 191, 191, 191
6, 3, 12, 191, 191, 191
9, 21, 9, 191, 191, 191
8, 21, 9, 191, 191, 191
7, 21, 9, 191, 191, 191
6, 21, 9, 191, 191, 191
5, 21, 9, 191, 191, 191
9, 20, 9, 191, 191, 191
8, 20, 9, 191, 191, 191
7, 20, 9, 191, 191, 191
6, 20, 9, 191, 191, 191
5, 20, 9, 191, 191, 191
10, 19, 9, 191, 191, 191
4, 19, 9, 191, 191, 191
5, 23, 8, 191, 191, 191
12, 12, 11, 191, 191, 191
2, 12, 11, 191, 191, 191
12, 11, 11, 191, 191, 191
2, 11, 11, 191, 191, 191
9, 23, 8, 191, 191, 191
12, 10, 11, 191, 191, 191
2, 10, 11, 191, 191, 191
12, 9, 11, 191, 191, 191
2, 9, 11, 191, 191, 191
12, 8, 11, 191, 191, 191
2, 8, 11, 191, 191, 191
11, 7, 11, 191, 191, 191
5, 4, 10, 191, 191, 191
3, 7, 11, 191, 191, 191
11, 6, 11, 191, 191, 191
3, 6, 11, 191, 191, 191
9, 4, 10, 191, 191, 191
11, 5, 11, 191, 191, 191
3, 5, 11, 191, 191, 191
10, 4, 11, 191, 191, 191
4, 4, 11, 191, 191, 191
8, 3, 11, 191, 191, 191
9, 4, 11, 191, 191, 191
6, 3, 11, 191, 191, 191
5, 4, 11, 191, 191, 191
7, 3, 11, 191, 191, 191
8, 23, 8, 191, 191, 191
7, 23, 8, 191, 191, 191
6, 23, 8, 191, 191, 191
9, 22, 8, 191, 191, 191
8, 22, 8, 191, 191, 191
7, 22, 8, 191, 191, 191
6, 22, 8, 191, 191, 191
5, 22, 8, 191, 191, 191
2, 8, 9, 191, 191, 191
10, 17, 10, 191, 191, 191
11, 16, 10, 191, 191, 191
11, 17, 9, 191, 191, 191
4, 17, 10, 191, 191, 191
3, 16, 10, 191, 191, 191
3, 17, 9, 191, 191, 191
11, 15, 10, 191, 191, 191
12, 14, 10, 191, 191, 191
12, 15, 9, 191, 191, 191
3, 15, 10, 191, 191, 191
2, 14, 10, 191, 191, 191
2, 15, 9, 191, 191, 191
12, 13, 10, 191, 191, 191
12, 8, 9, 191, 191, 191
2, 13, 10, 191, 191, 191
12, 12, 10, 191, 191, 191
2, 12, 10, 191, 191, 191
12, 11, 10, 191, 191, 191
2, 11, 10, 191, 191, 191
12, 10, 10, 191, 191, 191
2, 10, 10, 191, 191, 191
12, 9, 10, 191, 191, 191
2, 9, 10, 191, 191, 191
12, 8, 10, 191, 191, 191
2, 8, 10, 191, 191, 191
11, 7, 10, 191, 191, 191
3, 7, 10, 191, 191, 191
2, 10, 8, 191, 191, 191
11, 6, 10, 191, 191, 191
3, 6, 10, 191, 191, 191
11, 5, 10, 191, 191, 191
3, 5, 10, 191, 191, 191
10, 5, 10, 191, 191, 191
4, 5, 10, 191, 191, 191
8, 4, 10, 191, 191, 191
7, 4, 10, 191, 191, 191
12, 10, 8, 191, 191, 191
2, 11, 8, 191, 191, 191
6, 4, 10, 191, 191, 191
12, 11, 8, 191, 191, 191
2, 12, 8, 191, 191, 191
10, 20, 8, 191, 191, 191
4, 20, 8, 191, 191, 191
10, 18, 9, 191, 191, 191
12, 12, 8, 191, 191, 191
2, 13, 8, 191, 191, 191
4, 18, 9, 191, 191, 191
11, 16, 9, 191, 191, 191
3, 16, 9, 191, 191, 191
12, 14, 9, 191, 191, 191
2, 14, 9, 191, 191, 191
12, 13, 9, 191, 191, 191
2, 13, 9, 191, 191, 191
12, 12, 9, 191, 191, 191
2, 12, 9, 191, 191, 191
12, 13, 8, 191, 191, 191
2, 14, 8, 191, 191, 191
12, 11, 9, 191, 191, 191
2, 11, 9, 191, 191, 191
12, 10, 9, 191, 191, 191
2, 10, 9, 191, 191, 191
12, 9, 9, 191, 191, 191
2, 9, 9, 191, 191, 191
11, 7, 9, 191, 191, 191
3, 7, 9, 191, 191, 191
12, 14, 8, 191, 191, 191
2, 15, 8, 191, 191, 191
12, 15, 8, 191, 191, 191
3, 16, 8, 191, 191, 191
9, 21, 8, 191, 191, 191
11, 16, 8, 191, 191, 191
3, 17, 8, 191, 191, 191
5, 21, 8, 191, 191, 191
10, 19, 8, 191, 191, 191
4, 19, 8, 191, 191, 191
10, 18, 8, 191, 191, 191
11, 17, 8, 191, 191, 191
4, 18, 8, 191, 191, 191
4, 11, 6, 191, 191, 191
10, 11, 6, 191, 191, 191
4, 10, 7, 191, 191, 191
5, 10, 7, 191, 191, 191
6, 10, 7, 191, 191, 191
7, 10, 7, 191, 191, 191
8, 10, 7, 191, 191, 191
9, 10, 7, 191, 191, 191
10, 10, 7, 191, 191, 191
3, 11, 7, 191, 191, 191
5, 11, 7, 191, 191, 191
6, 11, 7, 191, 191, 191
7, 11, 7, 191, 191, 191
8, 11, 7, 191, 191, 191
9, 11, 7, 191, 191, 191
11, 11, 7, 191, 191, 191
3, 12, 7, 191, 191, 191
4, 12, 7, 191, 191, 191
5, 12, 7, 191, 191, 191
6, 12, 7, 191, 191, 191
7, 12, 7, 191, 191, 191
8, 12, 7, 191, 191, 191
9, 12, 7, 191, 191, 191
10, 12, 7, 191, 191, 191
11, 12, 7, 191, 191, 191
3, 13, 7, 191, 191, 191
4, 13, 7, 191, 191, 191
5, 13, 7, 191, 191, 191
6, 13, 7, 191, 191, 191
7, 13, 7, 191, 191, 191
8, 13, 7, 191, 191, 191
9, 13, 7, 191, 191, 191
10, 13, 7, 191, 191, 191
11, 13, 7, 191, 191, 191
3, 14, 7, 191, 191, 191
4, 14, 7, 191, 191, 191
5, 14, 7, 191, 191, 191
6, 14, 7, 191, 191, 191
7, 14, 7, 191, 191, 191
8, 14, 7, 191, 191, 191
9, 14, 7, 191, 191, 191
10, 14, 7, 191, 191, 191
11, 14, 7, 191, 191, 191
3, 15, 7, 191, 191, 191
4, 15, 7, 191, 191, 191
5, 15, 7, 191, 191, 191
6, 15, 7, 191, 191, 191
7, 15, 7, 191, 191, 191
8, 15, 7, 191, 191, 191
9, 15, 7, 191, 191, 191
10, 15, 7, 191, 191, 191
11, 15, 7, 191, 191, 191
4, 16, 7, 191, 191, 191
5, 16, 7, 191, 191, 191
6, 16, 7, 191, 191, 191
7, 16, 7, 191, 191, 191
8, 16, 7, 191, 191, 191
9, 16, 7, 191, 191, 191
10, 16, 7, 191, 191, 191
4, 17, 7, 191, 191, 191
5, 17, 7, 191, 191, 191
6, 17, 7, 191, 191, 191
7, 17, 7, 191, 191, 191
8, 17, 7, 191, 191, 191
9, 17, 7, 191, 191, 191
10, 17, 7, 191, 191, 191
4, 18, 7, 191, 191, 191
5, 18, 7, 191, 191, 191
6, 18, 7, 191, 191, 191
7, 18, 7, 191, 191, 191
8, 18, 7, 191, 191, 191
9, 18, 7, 191, 191, 191
10, 18, 7, 191, 191, 191
5, 19, 7, 191, 191, 191
6, 19, 7, 191, 191, 191
7, 19, 7, 191, 191, 191
8, 19, 7, 191, 191, 191
9, 19, 7, 191, 191, 191
5, 20, 7, 191, 191, 191
6, 20, 7, 191, 191, 191
7, 20, 7, 191, 191, 191
8, 20, 7, 191, 191, 191
9, 20, 7, 191, 191, 191
6, 21, 7, 191, 191, 191
7, 21, 7, 191, 191, 191
8, 21, 7, 191, 191, 191
7, 22, 7, 191, 191, 191
4, 8, 8, 191, 191, 191
5, 8, 8, 191, 191, 191
6, 8, 8, 191, 191, 191
7, 8, 8, 191, 191, 191
8, 8, 8, 191, 191, 191
9, 8, 8, 191, 191, 191
10, 8, 8, 191, 191, 191
3, 9, 8, 191, 191, 191
4, 9, 8, 191, 191, 191
5, 9, 8, 191, 191, 191
6, 9, 8, 191, 191, 191
7, 9, 8, 191, 191, 191
8, 9, 8, 191, 191, 191
9, 9, 8, 191, 191, 191
10, 9, 8, 191, 191, 191
11, 9, 8, 191, 191, 191
3, 10, 8, 191, 191, 191
11, 10, 8, 191, 191, 191
4, 6, 9, 191, 191, 191
5, 6, 9, 191, 191, 191
6, 6, 9, 191, 191, 191
7, 6, 9, 191, 191, 191
8, 6, 9, 191, 191, 191
9, 6, 9, 191, 191, 191
10, 6, 9, 191, 191, 191
4, 7, 9, 191, 191, 191
5, 7, 9, 191, 191, 191
6, 7, 9, 191, 191, 191
7, 7, 9, 191, 191, 191
8, 7, 9, 191, 191, 191
9, 7, 9, 191, 191, 191
10, 7, 9, 191, 191, 191
3, 8, 9, 191, 191, 191
11, 8, 9, 191, 191, 191
8, 8, 15, 191, 191, 191
7, 7, 16, 191, 191, 191
7, 8, 15, 191, 191, 191
6, 8, 15, 191, 191, 191
8, 9, 14, 191, 191, 191
7, 9, 14, 191, 191, 191
6, 9, 14, 191, 191, 191
9, 8, 14, 191, 191, 191
5, 8, 14, 191, 191, 191
8, 7, 15, 191, 191, 191
9, 7, 14, 191, 191, 191
6, 7, 15, 191, 191, 191
5, 7, 14, 191, 191, 191
7, 6, 16, 191, 191, 191
8, 6, 15, 191, 191, 191
9, 6, 14, 191, 191, 191
6, 6, 15, 191, 191, 191
5, 6, 14, 191, 191, 191
7, 5, 16, 191, 191, 191
8, 5, 15, 191, 191, 191
9, 5, 14, 191, 191, 191
6, 5, 15, 191, 191, 191
5, 5, 14, 191, 191, 191
8, 4, 15, 191, 191, 191
6, 4, 15, 191, 191, 191
9, 12, 13, 191, 191, 191
8, 12, 13, 191, 191, 191
7, 12, 13, 191, 191, 191
6, 12, 13, 191, 191, 191
5, 12, 13, 191, 191, 191
10, 11, 13, 191, 191, 191
9, 11, 13, 191, 191, 191
8, 11, 13, 191, 191, 191
7, 11, 13, 191, 191, 191
6, 11, 13, 191, 191, 191
5, 11, 13, 191, 191, 191
4, 11, 13, 191, 191, 191
11, 10, 13, 191, 191, 191
10, 10, 13, 191, 191, 191
9, 10, 13, 191, 191, 191
8, 10, 13, 191, 191, 191
7, 10, 13, 191, 191, 191
6, 10, 13, 191, 191, 191
5, 10, 13, 191, 191, 191
4, 10, 13, 191, 191, 191
3, 10, 13, 191, 191, 191
10, 9, 13, 191, 191, 191
9, 9, 13, 191, 191, 191
5, 9, 13, 191, 191, 191
4, 9, 13, 191, 191, 191
10, 8, 13, 191, 191, 191
4, 8, 13, 191, 191, 191
10, 7, 13, 191, 191, 191
4, 7, 13, 191, 191, 191
10, 6, 13, 191, 191, 191
4, 6, 13, 191, 191, 191
7, 4, 15, 191, 191, 191
10, 14, 12, 191, 191, 191
9, 14, 12, 191, 191, 191
8, 14, 12, 191, 191, 191
7, 14, 12, 191, 191, 191
6, 14, 12, 191, 191, 191
5, 14, 12, 191, 191, 191
4, 14, 12, 191, 191, 191
10, 13, 12, 191, 191, 191
9, 13, 12, 191, 191, 191
8, 13, 12, 191, 191, 191
7, 13, 12, 191, 191, 191
6, 13, 12, 191, 191, 191
5, 13, 12, 191, 191, 191
4, 13, 12, 191, 191, 191
11, 12, 12, 191, 191, 191
10, 12, 12, 191, 191, 191
4, 12, 12, 191, 191, 191
3, 12, 12, 191, 191, 191
11, 11, 12, 191, 191, 191
3, 11, 12, 191, 191, 191
5, 5, 10, 191, 191, 191
6, 5, 10, 191, 191, 191
7, 5, 10, 191, 191, 191
8, 5, 10, 191, 191, 191
9, 5, 10, 191, 191, 191
9, 16, 11, 191, 191, 191
8, 16, 11, 191, 191, 191
7, 16, 11, 191, 191, 191
6, 16, 11, 191, 191, 191
5, 16, 11, 191, 191, 191
10, 15, 11, 191, 191, 191
9, 15, 11, 191, 191, 191
8, 15, 11, 191, 191, 191
7, 15, 11, 191, 191, 191
6, 15, 11, 191, 191, 191
5, 15, 11, 191, 191, 191
4, 15, 11, 191, 191, 191
11, 14, 11, 191, 191, 191
3, 14, 11, 191, 191, 191
8, 4, 14, 191, 191, 191
9, 4, 13, 191, 191, 191
6, 4, 14, 191, 191, 191
5, 4, 13, 191, 191, 191
7, 4, 14, 191, 191, 191
9, 17, 10, 191, 191, 191
8, 17, 10, 191, 191, 191
7, 17, 10, 191, 191, 191
6, 17, 10, 191, 191, 191
5, 17, 10, 191, 191, 191
10, 16, 10, 191, 191, 191
4, 16, 10, 191, 191, 191
11, 9, 12, 191, 191, 191
3, 9, 12, 191, 191, 191
11, 8, 12, 191, 191, 191
3, 8, 12, 191, 191, 191
9, 5, 13, 191, 191, 191
10, 5, 12, 191, 191, 191
5, 5, 13, 191, 191, 191
4, 5, 12, 191, 191, 191
8, 4, 13, 191, 191, 191
7, 4, 13, 191, 191, 191
6, 4, 13, 191, 191, 191
9, 19, 9, 191, 191, 191
8, 19, 9, 191, 191, 191
7, 19, 9, 191, 191, 191
6, 19, 9, 191, 191, 191
5, 19, 9, 191, 191, 191
9, 18, 9, 191, 191, 191
8, 18, 9, 191, 191, 191
7, 18, 9, 191, 191, 191
6, 18, 9, 191, 191, 191
5, 18, 9, 191, 191, 191
11, 13, 11, 191, 191, 191
3, 13, 11, 191, 191, 191
11, 10, 12, 191, 191, 191
3, 10, 12, 191, 191, 191
10, 7, 12, 191, 191, 191
4, 7, 12, 191, 191, 191
10, 6, 12, 191, 191, 191
4, 6, 12, 191, 191, 191
9, 4, 12, 191, 191, 191
5, 4, 12, 191, 191, 191
8, 4, 12, 191, 191, 191
7, 4, 12, 191, 191, 191
6, 4, 12, 191, 191, 191
8, 21, 8, 191, 191, 191
7, 21, 8, 191, 191, 191
6, 21, 8, 191, 191, 191
9, 20, 8, 191, 191, 191
8, 20, 8, 191, 191, 191
7, 20, 8, 191, 191, 191
6, 20, 8, 191, 191, 191
5, 20, 8, 191, 191, 191
11, 12, 11, 191, 191, 191
3, 12, 11, 191, 191, 191
11, 11, 11, 191, 191, 191
3, 11, 11, 191, 191, 191
11, 10, 11, 191, 191, 191
3, 10, 11, 191, 191, 191
11, 9, 11, 191, 191, 191
3, 9, 11, 191, 191, 191
11, 8, 11, 191, 191, 191
3, 8, 11, 191, 191, 191
10, 7, 11, 191, 191, 191
4, 7, 11, 191, 191, 191
10, 6, 11, 191, 191, 191
4, 6, 11, 191, 191, 191
10, 5, 11, 191, 191, 191
4, 5, 11, 191, 191, 191
8, 4, 11, 191, 191, 191
9, 5, 11, 191, 191, 191
6, 4, 11, 191, 191, 191
5, 5, 11, 191, 191, 191
7, 4, 11, 191, 191, 191
10, 17, 9, 191, 191, 191
4, 17, 9, 191, 191, 191
10, 15, 10, 191, 191, 191
11, 14, 10, 191, 191, 191
11, 15, 9, 191, 191, 191
4, 15, 10, 191, 191, 191
3, 14, 10, 191, 191, 191
3, 15, 9, 191, 191, 191
11, 13, 10, 191, 191, 191
3, 13, 10, 191, 191, 191
11, 12, 10, 191, 191, 191
3, 12, 10, 191, 191, 191
11, 11, 10, 191, 191, 191
3, 11, 10, 191, 191, 191
11, 10, 10, 191, 191, 191
3, 10, 10, 191, 191, 191
11, 9, 10, 191, 191, 191
3, 9, 10, 191, 191, 191
11, 8, 10, 191, 191, 191
3, 8, 10, 191, 191, 191
10, 7, 10, 191, 191, 191
4, 7, 10, 191, 191, 191
10, 6, 10, 191, 191, 191
4, 6, 10, 191, 191, 191
3, 11, 8, 191, 191, 191
11, 11, 8, 191, 191, 191
3, 12, 8, 191, 191, 191
11, 12, 8, 191, 191, 191
3, 13, 8, 191, 191, 191
10, 16, 9, 191, 191, 191
4, 16, 9, 191, 191, 191
11, 14, 9, 191, 191, 191
3, 14, 9, 191, 191, 191
11, 13, 9, 191, 191, 191
3, 13, 9, 191, 191, 191
11, 12, 9, 191, 191, 191
3, 12, 9, 191, 191, 191
11, 13, 8, 191, 191, 191
3, 14, 8, 191, 191, 191
11, 11, 9, 191, 191, 191
3, 11, 9, 191, 191, 191
11, 10, 9, 191, 191, 191
3, 10, 9, 191, 191, 191
11, 9, 9, 191, 191, 191
3, 9, 9, 191, 191, 191
11, 14, 8, 191, 191, 191
3, 15, 8, 191, 191, 191
11, 15, 8, 191, 191, 191
4, 16, 8, 191, 191, 191
10, 16, 8, 191, 191, 191
4, 17, 8, 191, 191, 191
9, 19, 8, 191, 191, 191
5, 19, 8, 191, 191, 191
9, 18, 8, 191, 191, 191
10, 17, 8, 191, 191, 191
5, 18, 8, 191, 191, 191
4, 11, 7, 191, 191, 191
10, 11, 7, 191, 191, 191
4, 10, 8, 191, 191, 191
5, 10, 8, 191, 191, 191
6, 10, 8, 191, 191, 191
7, 10, 8, 191, 191, 191
8, 10, 8, 191, 191, 191
9, 10, 8, 191, 191, 191
10, 10, 8, 191, 191, 191
5, 11, 8, 191, 191, 191
6, 11, 8, 191, 191, 191
7, 11, 8, 191, 191, 191
8, 11, 8, 191, 191, 191
9, 11, 8, 191, 191, 191
4, 12, 8, 191, 191, 191
5, 12, 8, 191, 191, 191
6, 12, 8, 191, 191, 191
7, 12, 8, 191, 191, 191
8, 12, 8, 191, 191, 191
9, 12, 8, 191, 191, 191
10, 12, 8, 191, 191, 191
4, 13, 8, 191, 191, 191
5, 13, 8, 191, 191, 191
6, 13, 8, 191, 191, 191
7, 13, 8, 191, 191, 191
8, 13, 8, 191, 191, 191
9, 13, 8, 191, 191, 191
10, 13, 8, 191, 191, 191
4, 14, 8, 191, 191, 191
5, 14, 8, 191, 191, 191
6, 14, 8, 191, 191, 191
7, 14, 8, 191, 191, 191
8, 14, 8, 191, 191, 191
9, 14, 8, 191, 191, 191
10, 14, 8, 191, 191, 191
4, 15, 8, 191, 191, 191
5, 15, 8, 191, 191, 191
6, 15, 8, 191, 191, 191
7, 15, 8, 191, 191, 191
8, 15, 8, 191, 191, 191
9, 15, 8, 191, 191, 191
10, 15, 8, 191, 191, 191
5, 16, 8, 191, 191, 191
6, 16, 8, 191, 191, 191
7, 16, 8, 191, 191, 191
8, 16, 8, 191, 191, 191
9, 16, 8, 191, 191, 191
5, 17, 8, 191, 191, 191
6, 17, 8, 191, 191, 191
7, 17, 8, 191, 191, 191
8, 17, 8, 191, 191, 191
9, 17, 8, 191, 191, 191
6, 18, 8, 191, 191, 191
7, 18, 8, 191, 191, 191
8, 18, 8, 191, 191, 191
6, 19, 8, 191, 191, 191
7, 19, 8, 191, 191, 191
8, 19, 8, 191, 191, 191
4, 8, 9, 191, 191, 191
5, 8, 9, 191, 191, 191
6, 8, 9, 191, 191, 191
7, 8, 9, 191, 191, 191
8, 8, 9, 191, 191, 191
9, 8, 9, 191, 191, 191
10, 8, 9, 191, 191, 191
4, 9, 9, 191, 191, 191
5, 9, 9, 191, 191, 191
6, 9, 9, 191, 191, 191
7, 9, 9, 191, 191, 191
8, 9, 9, 191, 191, 191
9, 9, 9, 191, 191, 191
10, 9, 9, 191, 191, 191
5, 6, 10, 191, 191, 191
6, 6, 10, 191, 191, 191
7, 6, 10, 191, 191, 191
8, 6, 10, 191, 191, 191
9, 6, 10, 191, 191, 191
5, 7, 10, 191, 191, 191
6, 7, 10, 191, 191, 191
7, 7, 10, 191, 191, 191
8, 7, 10, 191, 191, 191
9, 7, 10, 191, 191, 191
8, 8, 14, 191, 191, 191
7, 7, 15, 191, 191, 191
7, 8, 14, 191, 191, 191
6, 8, 14, 191, 191, 191
8, 9, 13, 191, 191, 191
7, 9, 13, 191, 191, 191
6, 9, 13, 191, 191, 191
9, 8, 13, 191, 191, 191
5, 8, 13, 191, 191, 191
8, 7, 14, 191, 191, 191
9, 7, 13, 191, 191, 191
6, 7, 14, 191, 191, 191
5, 7, 13, 191, 191, 191
7, 6, 15, 191, 191, 191
8, 6, 14, 191, 191, 191
9, 6, 13, 191, 191, 191
6, 6, 14, 191, 191, 191
5, 6, 13, 191, 191, 191
7, 5, 15, 191, 191, 191
8, 5, 14, 191, 191, 191
6, 5, 14, 191, 191, 191
9, 12, 12, 191, 191, 191
8, 12, 12, 191, 191, 191
7, 12, 12, 191, 191, 191
6, 12, 12, 191, 191, 191
5, 12, 12, 191, 191, 191
10, 11, 12, 191, 191, 191
9, 11, 12, 191, 191, 191
8, 11, 12, 191, 191, 191
7, 11, 12, 191, 191, 191
6, 11, 12, 191, 191, 191
5, 11, 12, 191, 191, 191
4, 11, 12, 191, 191, 191
10, 10, 12, 191, 191, 191
9, 10, 12, 191, 191, 191
8, 10, 12, 191, 191, 191
7, 10, 12, 191, 191, 191
6, 10, 12, 191, 191, 191
5, 10, 12, 191, 191, 191
4, 10, 12, 191, 191, 191
10, 9, 12, 191, 191, 191
9, 9, 12, 191, 191, 191
5, 9, 12, 191, 191, 191
4, 9, 12, 191, 191, 191
10, 8, 12, 191, 191, 191
4, 8, 12, 191, 191, 191
10, 14, 11, 191, 191, 191
9, 14, 11, 191, 191, 191
8, 14, 11, 191, 191, 191
7, 14, 11, 191, 191, 191
6, 14, 11, 191, 191, 191
5, 14, 11, 191, 191, 191
4, 14, 11, 191, 191, 191
10, 13, 11, 191, 191, 191
9, 13, 11, 191, 191, 191
8, 13, 11, 191, 191, 191
7, 13, 11, 191, 191, 191
6, 13, 11, 191, 191, 191
5, 13, 11, 191, 191, 191
4, 13, 11, 191, 191, 191
10, 12, 11, 191, 191, 191
4, 12, 11, 191, 191, 191
6, 5, 11, 191, 191, 191
7, 5, 11, 191, 191, 191
8, 5, 11, 191, 191, 191
9, 16, 10, 191, 191, 191
8, 16, 10, 191, 191, 191
7, 16, 10, 191, 191, 191
6, 16, 10, 191, 191, 191
5, 16, 10, 191, 191, 191
9, 15, 10, 191, 191, 191
8, 15, 10, 191, 191, 191
7, 15, 10, 191, 191, 191
6, 15, 10, 191, 191, 191
5, 15, 10, 191, 191, 191
7, 5, 14, 191, 191, 191
9, 17, 9, 191, 191, 191
8, 17, 9, 191, 191, 191
7, 17, 9, 191, 191, 191
6, 17, 9, 191, 191, 191
5, 17, 9, 191, 191, 191
8, 5, 13, 191, 191, 191
9, 5, 12, 191, 191, 191
6, 5, 13, 191, 191, 191
5, 5, 12, 191, 191, 191
7, 5, 13, 191, 191, 191
9, 7, 12, 191, 191, 191
5, 7, 12, 191, 191, 191
9, 6, 12, 191, 191, 191
5, 6, 12, 191, 191, 191
8, 5, 12, 191, 191, 191
7, 5, 12, 191, 191, 191
6, 5, 12, 191, 191, 191
10, 11, 11, 191, 191, 191
4, 11, 11, 191, 191, 191
10, 10, 11, 191, 191, 191
4, 10, 11, 191, 191, 191
10, 9, 11, 191, 191, 191
4, 9, 11, 191, 191, 191
10, 8, 11, 191, 191, 191
4, 8, 11, 191, 191, 191
9, 7, 11, 191, 191, 191
5, 7, 11, 191, 191, 191
9, 6, 11, 191, 191, 191
5, 6, 11, 191, 191, 191
10, 14, 10, 191, 191, 191
10, 15, 9, 191, 191, 191
4, 14, 10, 191, 191, 191
4, 15, 9, 191, 191, 191
10, 13, 10, 191, 191, 191
4, 13, 10, 191, 191, 191
10, 12, 10, 191, 191, 191
4, 12, 10, 191, 191, 191
10, 11, 10, 191, 191, 191
4, 11, 10, 191, 191, 191
10, 10, 10, 191, 191, 191
4, 10, 10, 191, 191, 191
10, 9, 10, 191, 191, 191
4, 9, 10, 191, 191, 191
10, 8, 10, 191, 191, 191
4, 8, 10, 191, 191, 191
4, 11, 8, 191, 191, 191
10, 11, 8, 191, 191, 191
9, 16, 9, 191, 191, 191
5, 16, 9, 191, 191, 191
10, 14, 9, 191, 191, 191
4, 14, 9, 191, 191, 191
10, 13, 9, 191, 191, 191
4, 13, 9, 191, 191, 191
10, 12, 9, 191, 191, 191
4, 12, 9, 191, 191, 191
10, 11, 9, 191, 191, 191
4, 11, 9, 191, 191, 191
10, 10, 9, 191, 191, 191
4, 10, 9, 191, 191, 191
5, 10, 9, 191, 191, 191
6, 10, 9, 191, 191, 191
7, 10, 9, 191, 191, 191
8, 10, 9, 191, 191, 191
9, 10, 9, 191, 191, 191
5, 11, 9, 191, 191, 191
6, 11, 9, 191, 191, 191
7, 11, 9, 191, 191, 191
8, 11, 9, 191, 191, 191
9, 11, 9, 191, 191, 191
5, 12, 9, 191, 191, 191
6, 12, 9, 191, 191, 191
7, 12, 9, 191, 191, 191
8, 12, 9, 191, 191, 191
9, 12, 9, 191, 191, 191
5, 13, 9, 191, 191, 191
6, 13, 9, 191, 191, 191
7, 13, 9, 191, 191, 191
8, 13, 9, 191, 191, 191
9, 13, 9, 191, 191, 191
5, 14, 9, 191, 191, 191
6, 14, 9, 191, 191, 191
7, 14, 9, 191, 191, 191
8, 14, 9, 191, 191, 191
9, 14, 9, 191, 191, 191
5, 15, 9, 191, 191, 191
6, 15, 9, 191, 191, 191
7, 15, 9, 191, 191, 191
8, 15, 9, 191, 191, 191
9, 15, 9, 191, 191, 191
6, 16, 9, 191, 191, 191
7, 16, 9, 191, 191, 191
8, 16, 9, 191, 191, 191
5, 8, 10, 191, 191, 191
6, 8, 10, 191, 191, 191
7, 8, 10, 191, 191, 191
8, 8, 10, 191, 191, 191
9, 8, 10, 191, 191, 191
5, 9, 10, 191, 191, 191
6, 9, 10, 191, 191, 191
7, 9, 10, 191, 191, 191
8, 9, 10, 191, 191, 191
9, 9, 10, 191, 191, 191
6, 6, 11, 191, 191, 191
7, 6, 11, 191, 191, 191
8, 6, 11, 191, 191, 191
6, 7, 11, 191, 191, 191
7, 7, 11, 191, 191, 191
8, 7, 11, 191, 191, 191
8, 8, 13, 191, 191, 191
7, 7, 14, 191, 191, 191
7, 8, 13, 191, 191, 191
6, 8, 13, 191, 191, 191
8, 9, 12, 191, 191, 191
7, 9, 12, 191, 191, 191
6, 9, 12, 191, 191, 191
9, 8, 12, 191, 191, 191
5, 8, 12, 191, 191, 191
8, 7, 13, 191, 191, 191
6, 7, 13, 191, 191, 191
7, 6, 14, 191, 191, 191
8, 6, 13, 191, 191, 191
6, 6, 13, 191, 191, 191
9, 12, 11, 191, 191, 191
8, 12, 11, 191, 191, 191
7, 12, 11, 191, 191, 191
6, 12, 11, 191, 191, 191
5, 12, 11, 191, 191, 191
9, 11, 11, 191, 191, 191
8, 11, 11, 191, 191, 191
7, 11, 11, 191, 191, 191
6, 11, 11, 191, 191, 191
5, 11, 11, 191, 191, 191
9, 10, 11, 191, 191, 191
8, 10, 11, 191, 191, 191
7, 10, 11, 191, 191, 191
6, 10, 11, 191, 191, 191
5, 10, 11, 191, 191, 191
9, 9, 11, 191, 191, 191
5, 9, 11, 191, 191, 191
9, 14, 10, 191, 191, 191
8, 14, 10, 191, 191, 191
7, 14, 10, 191, 191, 191
6, 14, 10, 191, 191, 191
5, 14, 10, 191, 191, 191
9, 13, 10, 191, 191, 191
8, 13, 10, 191, 191, 191
7, 13, 10, 191, 191, 191
6, 13, 10, 191, 191, 191
5, 13, 10, 191, 191, 191
7, 6, 13, 191, 191, 191
8, 7, 12, 191, 191, 191
6, 7, 12, 191, 191, 191
8, 6, 12, 191, 191, 191
6, 6, 12, 191, 191, 191
7, 6, 12, 191, 191, 191
9, 8, 11, 191, 191, 191
5, 8, 11, 191, 191, 191
9, 12, 10, 191, 191, 191
5, 12, 10, 191, 191, 191
9, 11, 10, 191, 191, 191
5, 11, 10, 191, 191, 191
9, 10, 10, 191, 191, 191
5, 10, 10, 191, 191, 191
6, 10, 10, 191, 191, 191
7, 10, 10, 191, 191, 191
8, 10, 10, 191, 191, 191
6, 11, 10, 191, 191, 191
7, 11, 10, 191, 191, 191
8, 11, 10, 191, 191, 191
6, 12, 10, 191, 191, 191
7, 12, 10, 191, 191, 191
8, 12, 10, 191, 191, 191
6, 8, 11, 191, 191, 191
7, 8, 11, 191, 191, 191
8, 8, 11, 191, 191, 191
6, 9, 11, 191, 191, 191
7, 9, 11, 191, 191, 191
8, 9, 11, 191, 191, 191
7, 7, 12, 191, 191, 191
8, 8, 12, 191, 191, 191
7, 7, 13, 191, 191, 191
7, 8, 12, 191, 191, 191
6, 8, 12, 191, 191, 191
